{
    "sourceFile": "index.html",
    "activeCommit": 0,
    "commits": [
        {
            "activePatchIndex": 18,
            "patches": [
                {
                    "date": 1717026197530,
                    "content": "Index: \n===================================================================\n--- \n+++ \n"
                },
                {
                    "date": 1717026210428,
                    "content": "Index: \n===================================================================\n--- \n+++ \n@@ -53,9 +53,9 @@\n                         <label for=\"email\">Email:</label>\r\n                         <input type=\"email\" id=\"email\" name=\"email\" required>\r\n                         <label for=\"senha\">Senha:</label>\r\n                         <input type=\"password\" id=\"senha\" name=\"senha\" required>\r\n-                        <button type=\"submit\" href>Entrar</button>\r\n+                        <button type=\"submit\">Entrar</button>\r\n                         <a href=\"#\">Esqueceu sua senha?</a>\r\n                         <a href=\"#\">Cadastre-se</a>\r\n                     </form>\r\n                 </div>\r\n"
                },
                {
                    "date": 1717029139596,
                    "content": "Index: \n===================================================================\n--- \n+++ \n@@ -45,22 +45,8 @@\n                     tangíveis,\r\n                     incluindo maior eficiência operacional, redução de custos, melhoria na qualidade dos produtos e uma\r\n                     capacidade aprimorada de tomar decisões baseadas em dados.</p>\r\n             </div>\r\n-            <div class=\"login-container\">\r\n-                <div class=\"login\">\r\n-                    <h2>Faça Login</h2>\r\n-                    <form action=\"#\">\r\n-                        <label for=\"email\">Email:</label>\r\n-                        <input type=\"email\" id=\"email\" name=\"email\" required>\r\n-                        <label for=\"senha\">Senha:</label>\r\n-                        <input type=\"password\" id=\"senha\" name=\"senha\" required>\r\n-                        <button type=\"submit\">Entrar</button>\r\n-                        <a href=\"#\">Esqueceu sua senha?</a>\r\n-                        <a href=\"#\">Cadastre-se</a>\r\n-                    </form>\r\n-                </div>\r\n-            </div>\r\n         </div>\r\n     </main>\r\n     <footer>\r\n         <div class=\"footer-container\">\r\n"
                },
                {
                    "date": 1717029339495,
                    "content": "Index: \n===================================================================\n--- \n+++ \n@@ -1,62 +1,74 @@\n <!DOCTYPE html>\r\n <html lang=\"pt-br\">\r\n-\r\n-<head>\r\n-    <meta charset=\"UTF-8\">\r\n-    <meta name=\"viewport\" content=\"width=device-width, initial-scale=1.0\">\r\n+  <head>\r\n+    <meta charset=\"UTF-8\" />\r\n+    <meta name=\"viewport\" content=\"width=device-width, initial-scale=1.0\" />\r\n     <title>Sharktech</title>\r\n-    <link rel=\"stylesheet\" href=\"style.css\">\r\n-    <link rel=\"shortcut icon\" href=\"imagens/black white simple shark logo.png\" type=\"image/x-icon\">\r\n-</head>\r\n+    <link rel=\"stylesheet\" href=\"style.css\" />\r\n+    <link\r\n+      rel=\"shortcut icon\"\r\n+      href=\"imagens/black white simple shark logo.png\"\r\n+      type=\"image/x-icon\"\r\n+    />\r\n+  </head>\r\n \r\n-<body>\r\n+  <body>\r\n     <header>\r\n-        <div class=\"container-logo\">\r\n-            <div class=\"logo-imagem\">\r\n-                <img src=\"imagens/SharkTech.png\" alt=\"Logo SharkTech\">\r\n-            </div>\r\n-            <nav class=\"menu\" id=\"menu\">\r\n-                <ul>\r\n-                    <li><a href=\"informacoes.html\" id=\"inicio\">Status da máquina</a></li>\r\n-                </ul>\r\n-            </nav>\r\n-        </div>\r\n+        <nav class=\"menu\" id=\"menu\">\r\n+          <ul>\r\n+            <li>\r\n+              <a href=\"informacoes.html\" id=\"inicio\">Status da máquina</a>\r\n+            </li>\r\n+          </ul>\r\n+        </nav>\r\n+      </div>\r\n     </header>\r\n \r\n     <main>\r\n-        <div class=\"container\">\r\n-            <div class=\"text-information\">\r\n-                <h3>Sobre a Shark Tech:</h3>\r\n-                <p>Na Shark Tech, estamos comprometidos em ser a ponte entre desafios complexos e soluções inovadoras.\r\n-                    Como\r\n-                    uma\r\n-                    empresa especializada em tecnologia e automação, nossa missão é oferecer serviços personalizados\r\n-                    para\r\n-                    resolver problemas específicos enfrentados por empresas de diversos setores.</p>\r\n-                <p>Entendemos que em empresas de manufatura, cada colaborador desempenha um papel crucial na otimização\r\n-                    dos\r\n-                    processos de produção. Sabemos que o gerenciamento eficiente dos dados coletados por máquinas\r\n-                    ferramenta\r\n-                    CNC pode ser um desafio significativo. O aumento exponencial na quantidade de dados gerados por\r\n-                    essas\r\n-                    máquinas torna a coleta, armazenamento e análise dessas informações mais complexas e demoradas,\r\n-                    prejudicando a obtenção de insights rápidos e relevantes.</p>\r\n-                <p>Ao escolher a Shark Tech como parceira, nossos clientes podem esperar uma série de benefícios\r\n-                    tangíveis,\r\n-                    incluindo maior eficiência operacional, redução de custos, melhoria na qualidade dos produtos e uma\r\n-                    capacidade aprimorada de tomar decisões baseadas em dados.</p>\r\n-            </div>\r\n+      <div class=\"container\">\r\n+        <div class=\"text-information\">\r\n+          <h3>Sobre a Shark Tech:</h3>\r\n+          <p>\r\n+            Na Shark Tech, estamos comprometidos em ser a ponte entre desafios\r\n+            complexos e soluções inovadoras. Como uma empresa especializada em\r\n+            tecnologia e automação, nossa missão é oferecer serviços\r\n+            personalizados para resolver problemas específicos enfrentados por\r\n+            empresas de diversos setores.\r\n+          </p>\r\n+          <p>\r\n+            Entendemos que em empresas de manufatura, cada colaborador\r\n+            desempenha um papel crucial na otimização dos processos de produção.\r\n+            Sabemos que o gerenciamento eficiente dos dados coletados por\r\n+            máquinas ferramenta CNC pode ser um desafio significativo. O aumento\r\n+            exponencial na quantidade de dados gerados por essas máquinas torna\r\n+            a coleta, armazenamento e análise dessas informações mais complexas\r\n+            e demoradas, prejudicando a obtenção de insights rápidos e\r\n+            relevantes.\r\n+          </p>\r\n+          <p>\r\n+            Ao escolher a Shark Tech como parceira, nossos clientes podem\r\n+            esperar uma série de benefícios tangíveis, incluindo maior\r\n+            eficiência operacional, redução de custos, melhoria na qualidade dos\r\n+            produtos e uma capacidade aprimorada de tomar decisões baseadas em\r\n+            dados.\r\n+          </p>\r\n         </div>\r\n+      </div>\r\n     </main>\r\n     <footer>\r\n-        <div class=\"footer-container\">\r\n-            <p>Surfe na Onda Tecnológica com a SharkTech</p>\r\n-            <p>Contato: contato@sharktech.com.br | Telefone: (16) 1234-5678</p>\r\n-            <p>&copy; 2024 Shark Tech. Todos os direitos reservados.</p>\r\n-            <p><a href=\"https://policies.google.com/privacy?hl=pt-BR\">Política de Privacidade</a> | <a href=\"https://policies.google.com/terms?hl=pt-BR\">Termos de Uso</a></p>\r\n-        </div>\r\n+      <div class=\"footer-container\">\r\n+        <p>Surfe na Onda Tecnológica com a SharkTech</p>\r\n+        <p>Contato: contato@sharktech.com.br | Telefone: (16) 1234-5678</p>\r\n+        <p>&copy; 2024 Shark Tech. Todos os direitos reservados.</p>\r\n+        <p>\r\n+          <a href=\"https://policies.google.com/privacy?hl=pt-BR\"\r\n+            >Política de Privacidade</a\r\n+          >\r\n+          |\r\n+          <a href=\"https://policies.google.com/terms?hl=pt-BR\">Termos de Uso</a>\r\n+        </p>\r\n+      </div>\r\n     </footer>\r\n     <script src=\"script.js\"></script>\r\n-</body>\r\n-\r\n+  </body>\r\n </html>\r\n"
                },
                {
                    "date": 1717029346654,
                    "content": "Index: \n===================================================================\n--- \n+++ \n@@ -13,8 +13,12 @@\n   </head>\r\n \r\n   <body>\r\n     <header>\r\n+      <div class=\"container-logo\">\r\n+        <div class=\"logo-imagem\">\r\n+          <img src=\"imagens/SharkTech.png\" alt=\"Logo SharkTech\" />\r\n+        </div>\r\n         <nav class=\"menu\" id=\"menu\">\r\n           <ul>\r\n             <li>\r\n               <a href=\"informacoes.html\" id=\"inicio\">Status da máquina</a>\r\n"
                },
                {
                    "date": 1717029352913,
                    "content": "Index: \n===================================================================\n--- \n+++ \n@@ -13,12 +13,8 @@\n   </head>\r\n \r\n   <body>\r\n     <header>\r\n-      <div class=\"container-logo\">\r\n-        <div class=\"logo-imagem\">\r\n-          <img src=\"imagens/SharkTech.png\" alt=\"Logo SharkTech\" />\r\n-        </div>\r\n         <nav class=\"menu\" id=\"menu\">\r\n           <ul>\r\n             <li>\r\n               <a href=\"informacoes.html\" id=\"inicio\">Status da máquina</a>\r\n"
                },
                {
                    "date": 1717029376941,
                    "content": "Index: \n===================================================================\n--- \n+++ \n@@ -10,9 +10,8 @@\n       href=\"imagens/black white simple shark logo.png\"\r\n       type=\"image/x-icon\"\r\n     />\r\n   </head>\r\n-\r\n   <body>\r\n     <header>\r\n         <nav class=\"menu\" id=\"menu\">\r\n           <ul>\r\n"
                },
                {
                    "date": 1717029387464,
                    "content": "Index: \n===================================================================\n--- \n+++ \n@@ -53,8 +53,11 @@\n           </p>\r\n         </div>\r\n       </div>\r\n     </main>\r\n+    <ruby>\r\n+    \r\n+    </ruby>\r\n     <footer>\r\n       <div class=\"footer-container\">\r\n         <p>Surfe na Onda Tecnológica com a SharkTech</p>\r\n         <p>Contato: contato@sharktech.com.br | Telefone: (16) 1234-5678</p>\r\n"
                },
                {
                    "date": 1717029392903,
                    "content": "Index: \n===================================================================\n--- \n+++ \n@@ -53,11 +53,9 @@\n           </p>\r\n         </div>\r\n       </div>\r\n     </main>\r\n-    <ruby>\r\n     \r\n-    </ruby>\r\n     <footer>\r\n       <div class=\"footer-container\">\r\n         <p>Surfe na Onda Tecnológica com a SharkTech</p>\r\n         <p>Contato: contato@sharktech.com.br | Telefone: (16) 1234-5678</p>\r\n"
                },
                {
                    "date": 1717029440277,
                    "content": "Index: \n===================================================================\n--- \n+++ \n@@ -53,9 +53,10 @@\n           </p>\r\n         </div>\r\n       </div>\r\n     </main>\r\n-    \r\n+    <br>\r\n+    <br>\r\n     <footer>\r\n       <div class=\"footer-container\">\r\n         <p>Surfe na Onda Tecnológica com a SharkTech</p>\r\n         <p>Contato: contato@sharktech.com.br | Telefone: (16) 1234-5678</p>\r\n"
                },
                {
                    "date": 1717029451571,
                    "content": "Index: \n===================================================================\n--- \n+++ \n@@ -55,8 +55,12 @@\n       </div>\r\n     </main>\r\n     <br>\r\n     <br>\r\n+    <br>\r\n+    <br>\r\n+    <br>\r\n+    <br>\r\n     <footer>\r\n       <div class=\"footer-container\">\r\n         <p>Surfe na Onda Tecnológica com a SharkTech</p>\r\n         <p>Contato: contato@sharktech.com.br | Telefone: (16) 1234-5678</p>\r\n"
                },
                {
                    "date": 1717029467314,
                    "content": "Index: \n===================================================================\n--- \n+++ \n@@ -59,8 +59,12 @@\n     <br>\r\n     <br>\r\n     <br>\r\n     <br>\r\n+    <br>\r\n+    <br>\r\n+    <br>\r\n+    <br>\r\n     <footer>\r\n       <div class=\"footer-container\">\r\n         <p>Surfe na Onda Tecnológica com a SharkTech</p>\r\n         <p>Contato: contato@sharktech.com.br | Telefone: (16) 1234-5678</p>\r\n"
                },
                {
                    "date": 1717029478676,
                    "content": "Index: \n===================================================================\n--- \n+++ \n@@ -54,17 +54,9 @@\n         </div>\r\n       </div>\r\n     </main>\r\n     <br>\r\n-    <br>\r\n-    <br>\r\n-    <br>\r\n-    <br>\r\n-    <br>\r\n-    <br>\r\n-    <br>\r\n-    <br>\r\n-    <br>\r\n+   \r\n     <footer>\r\n       <div class=\"footer-container\">\r\n         <p>Surfe na Onda Tecnológica com a SharkTech</p>\r\n         <p>Contato: contato@sharktech.com.br | Telefone: (16) 1234-5678</p>\r\n"
                },
                {
                    "date": 1717030037031,
                    "content": "Index: \n===================================================================\n--- \n+++ \n@@ -55,21 +55,8 @@\n       </div>\r\n     </main>\r\n     <br>\r\n    \r\n-    <footer>\r\n-      <div class=\"footer-container\">\r\n-        <p>Surfe na Onda Tecnológica com a SharkTech</p>\r\n-        <p>Contato: contato@sharktech.com.br | Telefone: (16) 1234-5678</p>\r\n-        <p>&copy; 2024 Shark Tech. Todos os direitos reservados.</p>\r\n-        <p>\r\n-          <a href=\"https://policies.google.com/privacy?hl=pt-BR\"\r\n-            >Política de Privacidade</a\r\n-          >\r\n-          |\r\n-          <a href=\"https://policies.google.com/terms?hl=pt-BR\">Termos de Uso</a>\r\n-        </p>\r\n-      </div>\r\n-    </footer>\r\n+\r\n     <script src=\"script.js\"></script>\r\n   </body>\r\n </html>\r\n"
                },
                {
                    "date": 1717030543726,
                    "content": "Index: \n===================================================================\n--- \n+++ \n@@ -51,8 +51,11 @@\n             produtos e uma capacidade aprimorada de tomar decisões baseadas em\r\n             dados.\r\n           </p>\r\n         </div>\r\n+        <div class=\"machine-status\">\r\n+          <!-- Aqui você pode inserir o status da máquina -->\r\n+        </div>\r\n       </div>\r\n     </main>\r\n     <br>\r\n    \r\n"
                },
                {
                    "date": 1717030561988,
                    "content": "Index: \n===================================================================\n--- \n+++ \n@@ -51,11 +51,8 @@\n             produtos e uma capacidade aprimorada de tomar decisões baseadas em\r\n             dados.\r\n           </p>\r\n         </div>\r\n-        <div class=\"machine-status\">\r\n-          <!-- Aqui você pode inserir o status da máquina -->\r\n-        </div>\r\n       </div>\r\n     </main>\r\n     <br>\r\n    \r\n"
                },
                {
                    "date": 1717031016975,
                    "content": "Index: \n===================================================================\n--- \n+++ \n@@ -17,9 +17,9 @@\n           <ul>\r\n             <li>\r\n               <a href=\"informacoes.html\" id=\"inicio\">Status da máquina</a>\r\n             </li>\r\n-          </ul>\r\n+          \r\n         </nav>\r\n       </div>\r\n     </header>\r\n \r\n"
                },
                {
                    "date": 1717031022327,
                    "content": "Index: \n===================================================================\n--- \n+++ \n@@ -13,10 +13,10 @@\n   </head>\r\n   <body>\r\n     <header>\r\n         <nav class=\"menu\" id=\"menu\">\r\n-          <ul>\r\n-            <li>\r\n+          \r\n+           \r\n               <a href=\"informacoes.html\" id=\"inicio\">Status da máquina</a>\r\n             </li>\r\n           \r\n         </nav>\r\n"
                },
                {
                    "date": 1717031032999,
                    "content": "Index: \n===================================================================\n--- \n+++ \n@@ -13,13 +13,10 @@\n   </head>\r\n   <body>\r\n     <header>\r\n         <nav class=\"menu\" id=\"menu\">\r\n-          \r\n-           \r\n               <a href=\"informacoes.html\" id=\"inicio\">Status da máquina</a>\r\n-            </li>\r\n-          \r\n+            \r\n         </nav>\r\n       </div>\r\n     </header>\r\n \r\n"
                }
            ],
            "date": 1717026197530,
            "name": "Commit-0",
            "content": "<!DOCTYPE html>\r\n<html lang=\"pt-br\">\r\n\r\n<head>\r\n    <meta charset=\"UTF-8\">\r\n    <meta name=\"viewport\" content=\"width=device-width, initial-scale=1.0\">\r\n    <title>Sharktech</title>\r\n    <link rel=\"stylesheet\" href=\"style.css\">\r\n    <link rel=\"shortcut icon\" href=\"imagens/black white simple shark logo.png\" type=\"image/x-icon\">\r\n</head>\r\n\r\n<body>\r\n    <header>\r\n        <div class=\"container-logo\">\r\n            <div class=\"logo-imagem\">\r\n                <img src=\"imagens/SharkTech.png\" alt=\"Logo SharkTech\">\r\n            </div>\r\n            <nav class=\"menu\" id=\"menu\">\r\n                <ul>\r\n                    <li><a href=\"informacoes.html\" id=\"inicio\">Status da máquina</a></li>\r\n                </ul>\r\n            </nav>\r\n        </div>\r\n    </header>\r\n\r\n    <main>\r\n        <div class=\"container\">\r\n            <div class=\"text-information\">\r\n                <h3>Sobre a Shark Tech:</h3>\r\n                <p>Na Shark Tech, estamos comprometidos em ser a ponte entre desafios complexos e soluções inovadoras.\r\n                    Como\r\n                    uma\r\n                    empresa especializada em tecnologia e automação, nossa missão é oferecer serviços personalizados\r\n                    para\r\n                    resolver problemas específicos enfrentados por empresas de diversos setores.</p>\r\n                <p>Entendemos que em empresas de manufatura, cada colaborador desempenha um papel crucial na otimização\r\n                    dos\r\n                    processos de produção. Sabemos que o gerenciamento eficiente dos dados coletados por máquinas\r\n                    ferramenta\r\n                    CNC pode ser um desafio significativo. O aumento exponencial na quantidade de dados gerados por\r\n                    essas\r\n                    máquinas torna a coleta, armazenamento e análise dessas informações mais complexas e demoradas,\r\n                    prejudicando a obtenção de insights rápidos e relevantes.</p>\r\n                <p>Ao escolher a Shark Tech como parceira, nossos clientes podem esperar uma série de benefícios\r\n                    tangíveis,\r\n                    incluindo maior eficiência operacional, redução de custos, melhoria na qualidade dos produtos e uma\r\n                    capacidade aprimorada de tomar decisões baseadas em dados.</p>\r\n            </div>\r\n            <div class=\"login-container\">\r\n                <div class=\"login\">\r\n                    <h2>Faça Login</h2>\r\n                    <form action=\"#\">\r\n                        <label for=\"email\">Email:</label>\r\n                        <input type=\"email\" id=\"email\" name=\"email\" required>\r\n                        <label for=\"senha\">Senha:</label>\r\n                        <input type=\"password\" id=\"senha\" name=\"senha\" required>\r\n                        <button type=\"submit\" href>Entrar</button>\r\n                        <a href=\"#\">Esqueceu sua senha?</a>\r\n                        <a href=\"#\">Cadastre-se</a>\r\n                    </form>\r\n                </div>\r\n            </div>\r\n        </div>\r\n    </main>\r\n    <footer>\r\n        <div class=\"footer-container\">\r\n            <p>Surfe na Onda Tecnológica com a SharkTech</p>\r\n            <p>Contato: contato@sharktech.com.br | Telefone: (16) 1234-5678</p>\r\n            <p>&copy; 2024 Shark Tech. Todos os direitos reservados.</p>\r\n            <p><a href=\"https://policies.google.com/privacy?hl=pt-BR\">Política de Privacidade</a> | <a href=\"https://policies.google.com/terms?hl=pt-BR\">Termos de Uso</a></p>\r\n        </div>\r\n    </footer>\r\n    <script src=\"script.js\"></script>\r\n</body>\r\n\r\n</html>\r\n"
        }
    ]
}