{
    "sourceFile": "style.css",
    "activeCommit": 0,
    "commits": [
        {
            "activePatchIndex": 85,
            "patches": [
                {
                    "date": 1717027172138,
                    "content": "Index: \n===================================================================\n--- \n+++ \n"
                },
                {
                    "date": 1717028888017,
                    "content": "Index: \n===================================================================\n--- \n+++ \n@@ -19,9 +19,9 @@\n }\r\n \r\n /* Estilos do Cabeçalho */\r\n header {\r\n-    background: linear-gradient(to bottom, #0B0F59 25%, #0E1140 50%, #0622BF 75%, #0820A6 100%);\r\n+back\r\n     color: #fff;\r\n     padding: 10px 0;\r\n     text-align: center;\r\n }\r\n"
                },
                {
                    "date": 1717028912875,
                    "content": "Index: \n===================================================================\n--- \n+++ \n@@ -19,9 +19,9 @@\n }\r\n \r\n /* Estilos do Cabeçalho */\r\n header {\r\n-back\r\n+ background-image: url(\"paper.gif\");\r\n     color: #fff;\r\n     padding: 10px 0;\r\n     text-align: center;\r\n }\r\n"
                },
                {
                    "date": 1717028920263,
                    "content": "Index: \n===================================================================\n--- \n+++ \n@@ -19,9 +19,9 @@\n }\r\n \r\n /* Estilos do Cabeçalho */\r\n header {\r\n- background-image: url(\"paper.gif\");\r\n+ background-image: url(\"i\");\r\n     color: #fff;\r\n     padding: 10px 0;\r\n     text-align: center;\r\n }\r\n"
                },
                {
                    "date": 1717028925729,
                    "content": "Index: \n===================================================================\n--- \n+++ \n@@ -19,9 +19,9 @@\n }\r\n \r\n /* Estilos do Cabeçalho */\r\n header {\r\n- background-image: url(\"i\");\r\n+ background-image: url(\"imagens/Site.png\");\r\n     color: #fff;\r\n     padding: 10px 0;\r\n     text-align: center;\r\n }\r\n"
                },
                {
                    "date": 1717028948293,
                    "content": "Index: \n===================================================================\n--- \n+++ \n@@ -1,148 +0,0 @@\n-/* style.css */\r\n-\r\n-/* Reset CSS */\r\n-* {\r\n-    margin: 0;\r\n-    padding: 0;\r\n-    box-sizing: border-box;\r\n-}\r\n-\r\n-/* Estilos Globais */\r\n-body {\r\n-    font-family: Arial, sans-serif;\r\n-}\r\n-\r\n-.container {\r\n-    max-width: 1200px;\r\n-    margin: 0 auto;\r\n-    padding: 20px;\r\n-}\r\n-\r\n-/* Estilos do Cabeçalho */\r\n-header {\r\n- background-image: url(\"imagens/Site.png\");\r\n-    color: #fff;\r\n-    padding: 10px 0;\r\n-    text-align: center;\r\n-}\r\n-\r\n-.logo-imagem img {\r\n-    width: 150px; /* Ajuste conforme necessário */\r\n-}\r\n-\r\n-.menu ul {\r\n-    list-style-type: none;\r\n-}\r\n-\r\n-.menu ul li {\r\n-    display: inline;\r\n-    margin-right: 20px;\r\n-}\r\n-\r\n-.menu ul li a {\r\n-    color: #fff;\r\n-    text-decoration: none;\r\n-    font-weight: bold;\r\n-    font-size: 18px;\r\n-}\r\n-\r\n-/* Estilos do Conteúdo Principal */\r\n-.main {\r\n-    padding: 20px 0;\r\n-}\r\n-\r\n-.text-information {\r\n-    text-align: justify;\r\n-    margin-bottom: 20px;\r\n-}\r\n-\r\n-.text-information h3 {\r\n-    font-size: 24px;\r\n-    margin-bottom: 10px;\r\n-}\r\n-\r\n-.text-information p {\r\n-    font-size: 16px;\r\n-    line-height: 1.6;\r\n-}\r\n-\r\n-/* Estilos do Formulário de Login */\r\n-.login-container {\r\n-    text-align: center;\r\n-}\r\n-\r\n-.login {\r\n-    background-color: #fff;\r\n-    border-radius: 5px;\r\n-    box-shadow: 0 2px 4px rgba(0, 0, 0, 0.1);\r\n-    padding: 20px;\r\n-    width: 300px; /* Ajuste conforme necessário */\r\n-    margin: 0 auto;\r\n-}\r\n-\r\n-.login h2 {\r\n-    font-size: 20px;\r\n-    margin-bottom: 20px;\r\n-}\r\n-\r\n-.login label {\r\n-    display: block;\r\n-    margin-bottom: 8px;\r\n-    font-weight: bold;\r\n-}\r\n-\r\n-.login input {\r\n-    width: 100%;\r\n-    padding: 10px;\r\n-    margin-bottom: 15px;\r\n-    border: 1px solid #ccc;\r\n-    border-radius: 3px;\r\n-}\r\n-\r\n-.login button {\r\n-    width: 100%;\r\n-    padding: 10px;\r\n-    background-color: #333;\r\n-    color: #fff;\r\n-    border: none;\r\n-    border-radius: 3px;\r\n-    cursor: pointer;\r\n-    font-size: 16px;\r\n-    margin-bottom: 10px;\r\n-}\r\n-\r\n-.login button:hover {\r\n-    background-color: #555;\r\n-}\r\n-\r\n-.login a {\r\n-    text-decoration: none;\r\n-    color: #333;\r\n-    margin-right: 10px;\r\n-}\r\n-\r\n-.login a:hover {\r\n-    text-decoration: underline;\r\n-}\r\n-\r\n-/* Estilos do Rodapé */\r\n-footer {\r\n-    background: linear-gradient(to bottom, #0B0F59 25%, #0E1140 50%, #0622BF 75%, #0820A6 100%);\r\n-    color: #fff;\r\n-    padding: 20px 0;\r\n-    text-align: center;\r\n-}\r\n-\r\n-.footer-container p {\r\n-    margin-bottom: 10px;\r\n-}\r\n-\r\n-.footer-container a {\r\n-    color: #fff;\r\n-    text-decoration: none;\r\n-    margin-right: 10px;\r\n-}\r\n-\r\n-.footer-container a:hover {\r\n-    text-decoration: underline;\r\n-}\r\n\\ No newline at end of file\n"
                },
                {
                    "date": 1717028953502,
                    "content": "Index: \n===================================================================\n--- \n+++ \n@@ -1,1 +1,3 @@\n-\n+body{\r\n+    background-image: url(\"imagens/Site.png\");\r\n+}\n\\ No newline at end of file\n"
                },
                {
                    "date": 1717029096261,
                    "content": "Index: \n===================================================================\n--- \n+++ \n@@ -1,3 +1,93 @@\n-body{\r\n+/* style.css */\r\n+\r\n\\ No newline at end of file\n+/* Reset CSS */\r\n+* {\r\n+    margin: 0;\r\n+    padding: 0;\r\n+    box-sizing: border-box;\r\n+}\r\n+\r\n+/* Estilos Globais */\r\n+body {\r\n+    font-family: Arial, sans-serif;\r\n     background-image: url(\"imagens/Site.png\");\r\n-}\n+    background-size: cover;\r\n+    background-repeat: no-repeat;\r\n+    background-attachment: fixed;\r\n+}\r\n+\r\n+.container {\r\n+    max-width: 1200px;\r\n+    margin: 0 auto;\r\n+    padding: 20px;\r\n+}\r\n+\r\n+/* Estilos do Cabeçalho */\r\n+header {\r\n+    background: linear-gradient(to bottom, #0B0F59 25%, #0E1140 50%, #0622BF 75%, #0820A6 100%);\r\n+    color: #fff;\r\n+    padding: 10px 0;\r\n+    text-align: center;\r\n+}\r\n+\r\n+.logo-imagem img {\r\n+    width: 150px; /* Ajuste conforme necessário */\r\n+}\r\n+\r\n+.menu ul {\r\n+    list-style-type: none;\r\n+}\r\n+\r\n+.menu ul li {\r\n+    display: inline;\r\n+    margin-right: 20px;\r\n+}\r\n+\r\n+.menu ul li a {\r\n+    color: #fff;\r\n+    text-decoration: none;\r\n+    font-weight: bold;\r\n+    font-size: 18px;\r\n+}\r\n+\r\n+/* Estilos do Conteúdo Principal */\r\n+.main {\r\n+    padding: 20px 0;\r\n+}\r\n+\r\n+.text-information {\r\n+    text-align: justify;\r\n+    margin-bottom: 20px;\r\n+}\r\n+\r\n+.text-information h3 {\r\n+    font-size: 24px;\r\n+    margin-bottom: 10px;\r\n+}\r\n+\r\n+.text-information p {\r\n+    font-size: 16px;\r\n+    line-height: 1.6;\r\n+}\r\n+\r\n+/* Estilos do Rodapé */\r\n+footer {\r\n+    background: linear-gradient(to bottom, #0B0F59 25%, #0E1140 50%, #0622BF 75%, #0820A6 100%);\r\n+    color: #fff;\r\n+    padding: 20px 0;\r\n+    text-align: center;\r\n+}\r\n+\r\n+.footer-container p {\r\n+    margin-bottom: 10px;\r\n+}\r\n+\r\n+.footer-container a {\r\n+    color: #fff;\r\n+    text-decoration: none;\r\n+    margin-right: 10px;\r\n+}\r\n+\r\n+.footer-container a:hover {\r\n+    text-decoration: underline;\r\n+}\r\n"
                },
                {
                    "date": 1717029273283,
                    "content": "Index: \n===================================================================\n--- \n+++ \n@@ -1,93 +1,64 @@\n-/* style.css */\r\n+ body {\r\n+      margin: 0;\r\n+      padding: 0;\r\n+      font-family: Arial, sans-serif;\r\n+      background-image: url(\"imagens/Site.png\");\r\n+      background-size: cover;\r\n+      background-repeat: no-repeat;\r\n+    }\r\n \r\n-/* Reset CSS */\r\n-* {\r\n-    margin: 0;\r\n-    padding: 0;\r\n-    box-sizing: border-box;\r\n-}\r\n+    header {\r\n+      background-color: #333;\r\n+      color: #fff;\r\n+      padding: 20px 0;\r\n+    }\r\n \r\n-/* Estilos Globais */\r\n-body {\r\n-    font-family: Arial, sans-serif;\r\n-    background-image: url(\"imagens/Site.png\");\r\n-    background-size: cover;\r\n-    background-repeat: no-repeat;\r\n-    background-attachment: fixed;\r\n-}\r\n+    .container-logo {\r\n+      display: flex;\r\n+      justify-content: space-between;\r\n+      align-items: center;\r\n+    }\r\n \r\n-.container {\r\n-    max-width: 1200px;\r\n-    margin: 0 auto;\r\n-    padding: 20px;\r\n-}\r\n+    .logo-imagem img {\r\n+      width: 150px;\r\n+      height: auto;\r\n+    }\r\n \r\n-/* Estilos do Cabeçalho */\r\n-header {\r\n-    background: linear-gradient(to bottom, #0B0F59 25%, #0E1140 50%, #0622BF 75%, #0820A6 100%);\r\n-    color: #fff;\r\n-    padding: 10px 0;\r\n-    text-align: center;\r\n-}\r\n+    .menu ul {\r\n+      list-style: none;\r\n+      padding: 0;\r\n+      margin: 0;\r\n+    }\r\n \r\n-.logo-imagem img {\r\n-    width: 150px; /* Ajuste conforme necessário */\r\n-}\r\n+    .menu ul li {\r\n+      display: inline-block;\r\n+      margin-right: 20px;\r\n+    }\r\n \r\n-.menu ul {\r\n-    list-style-type: none;\r\n-}\r\n+    .menu ul li a {\r\n+      color: #fff;\r\n+      text-decoration: none;\r\n+      font-size: 18px;\r\n+    }\r\n \r\n-.menu ul li {\r\n-    display: inline;\r\n-    margin-right: 20px;\r\n-}\r\n+    main {\r\n+      padding: 50px 0;\r\n+      text-align: center;\r\n+      color: #333;\r\n+    }\r\n \r\n-.menu ul li a {\r\n-    color: #fff;\r\n-    text-decoration: none;\r\n-    font-weight: bold;\r\n-    font-size: 18px;\r\n-}\r\n+    footer {\r\n\\ No newline at end of file\n+      background-color: #333;\r\n+      color: #fff;\r\n+      padding: 20px 0;\r\n+      text-align: center;\r\n+    }\r\n \r\n-/* Estilos do Conteúdo Principal */\r\n-.main {\r\n-    padding: 20px 0;\r\n-}\r\n+    .footer-container p {\r\n+      margin: 5px 0;\r\n+    }\r\n \r\n-.text-information {\r\n-    text-align: justify;\r\n-    margin-bottom: 20px;\r\n-}\r\n-\r\n-.text-information h3 {\r\n-    font-size: 24px;\r\n-    margin-bottom: 10px;\r\n-}\r\n-\r\n-.text-information p {\r\n-    font-size: 16px;\r\n-    line-height: 1.6;\r\n-}\r\n-\r\n-/* Estilos do Rodapé */\r\n-footer {\r\n-    background: linear-gradient(to bottom, #0B0F59 25%, #0E1140 50%, #0622BF 75%, #0820A6 100%);\r\n-    color: #fff;\r\n-    padding: 20px 0;\r\n-    text-align: center;\r\n-}\r\n-\r\n-.footer-container p {\r\n-    margin-bottom: 10px;\r\n-}\r\n-\r\n-.footer-container a {\r\n-    color: #fff;\r\n-    text-decoration: none;\r\n-    margin-right: 10px;\r\n-}\r\n-\r\n-.footer-container a:hover {\r\n-    text-decoration: underline;\r\n-}\n+    .footer-container a {\r\n+      color: #fff;\r\n+      text-decoration: none;\r\n+    }\n\\ No newline at end of file\n"
                },
                {
                    "date": 1717029287883,
                    "content": "Index: \n===================================================================\n--- \n+++ \n@@ -1,64 +1,3 @@\n- body {\r\n-      margin: 0;\r\n-      padding: 0;\r\n-      font-family: Arial, sans-serif;\r\n-      background-image: url(\"imagens/Site.png\");\r\n-      background-size: cover;\r\n-      background-repeat: no-repeat;\r\n-    }\r\n-\r\n-    header {\r\n-      background-color: #333;\r\n-      color: #fff;\r\n-      padding: 20px 0;\r\n-    }\r\n-\r\n-    .container-logo {\r\n-      display: flex;\r\n-      justify-content: space-between;\r\n-      align-items: center;\r\n-    }\r\n-\r\n-    .logo-imagem img {\r\n-      width: 150px;\r\n-      height: auto;\r\n-    }\r\n-\r\n-    .menu ul {\r\n-      list-style: none;\r\n-      padding: 0;\r\n-      margin: 0;\r\n-    }\r\n-\r\n-    .menu ul li {\r\n-      display: inline-block;\r\n-      margin-right: 20px;\r\n-    }\r\n-\r\n-    .menu ul li a {\r\n-      color: #fff;\r\n-      text-decoration: none;\r\n-      font-size: 18px;\r\n-    }\r\n-\r\n-    main {\r\n-      padding: 50px 0;\r\n-      text-align: center;\r\n-      color: #333;\r\n-    }\r\n-\r\n-    footer {\r\n-      background-color: #333;\r\n-      color: #fff;\r\n-      padding: 20px 0;\r\n-      text-align: center;\r\n-    }\r\n-\r\n-    .footer-container p {\r\n-      margin: 5px 0;\r\n-    }\r\n-\r\n-    .footer-container a {\r\n-      color: #fff;\r\n-      text-decoration: none;\r\n-    }\n\\ No newline at end of file\n+body{\r\n+    background-image: url(\"imagens/Site.png\");\r\n+}\n\\ No newline at end of file\n"
                },
                {
                    "date": 1717029293348,
                    "content": "Index: \n===================================================================\n--- \n+++ \n@@ -1,3 +1,3 @@\n body{\r\n-    background-image: url(\"imagens/Site.png\");\r\n+    bac\r\n }\n\\ No newline at end of file\n"
                },
                {
                    "date": 1717029298997,
                    "content": "Index: \n===================================================================\n--- \n+++ \n@@ -1,3 +1,3 @@\n body{\r\n-    bac\r\n+    background-image: url(imagens/);\r\n }\n\\ No newline at end of file\n"
                },
                {
                    "date": 1717029311659,
                    "content": "Index: \n===================================================================\n--- \n+++ \n@@ -1,3 +1,8 @@\n body{\r\n-    background-image: url(imagens/);\r\n+     margin: 0;\r\n+      padding: 0;\r\n+      font-family: Arial, sans-serif;\r\n+      background-image: url(\"imagens/Site.png\");\r\n+      background-size: cover;\r\n+      background-repeat: no-repeat;\r\n }\n\\ No newline at end of file\n"
                },
                {
                    "date": 1717029361333,
                    "content": "Index: \n===================================================================\n--- \n+++ \n@@ -4,5 +4,6 @@\n       font-family: Arial, sans-serif;\r\n       background-image: url(\"imagens/Site.png\");\r\n       background-size: cover;\r\n       background-repeat: no-repeat;\r\n+      color: ;\r\n }\n\\ No newline at end of file\n"
                },
                {
                    "date": 1717029487052,
                    "content": "Index: \n===================================================================\n--- \n+++ \n@@ -4,6 +4,7 @@\n       font-family: Arial, sans-serif;\r\n       background-image: url(\"imagens/Site.png\");\r\n       background-size: cover;\r\n       background-repeat: no-repeat;\r\n-      color: ;\r\n-}\n\\ No newline at end of file\n+      color: white;\r\n+}\r\n+footer\n\\ No newline at end of file\n"
                },
                {
                    "date": 1717029509105,
                    "content": "Index: \n===================================================================\n--- \n+++ \n@@ -6,5 +6,13 @@\n       background-size: cover;\r\n       background-repeat: no-repeat;\r\n       color: white;\r\n }\r\n-footer\n\\ No newline at end of file\n+footer{\r\n+    footer {\r\n+        color: #fff;\r\n+        border-top: 2px solid white;\r\n+        text-align: center;\r\n+        padding: 10px 0;\r\n+      }\r\n+      \r\n+}\n\\ No newline at end of file\n"
                },
                {
                    "date": 1717029527578,
                    "content": "Index: \n===================================================================\n--- \n+++ \n@@ -7,12 +7,11 @@\n       background-repeat: no-repeat;\r\n       color: white;\r\n }\r\n footer{\r\n-    footer {\r\n+   \r\n         color: #fff;\r\n-        border-top: 2px solid white;\r\n+     \r\n         text-align: center;\r\n         padding: 10px 0;\r\n       }\r\n\\ No newline at end of file\n       \r\n-}\n"
                },
                {
                    "date": 1717029533694,
                    "content": "Index: \n===================================================================\n--- \n+++ \n@@ -9,9 +9,8 @@\n }\r\n footer{\r\n    \r\n         color: #fff;\r\n-     \r\n         text-align: center;\r\n         padding: 10px 0;\r\n       }\r\n-      \n\\ No newline at end of file\n+      \r\n"
                },
                {
                    "date": 1717029547952,
                    "content": "Index: \n===================================================================\n--- \n+++ \n@@ -9,8 +9,10 @@\n }\r\n footer{\r\n    \r\n         color: #fff;\r\n+        border-top: 2px solid white;\r\n         text-align: center;\r\n+        hei\r\n         padding: 10px 0;\r\n       }\r\n       \r\n"
                },
                {
                    "date": 1717029554680,
                    "content": "Index: \n===================================================================\n--- \n+++ \n@@ -11,8 +11,8 @@\n    \r\n         color: #fff;\r\n         border-top: 2px solid white;\r\n         text-align: center;\r\n-        hei\r\n+        height: ;\r\n         padding: 10px 0;\r\n       }\r\n       \r\n"
                },
                {
                    "date": 1717029562057,
                    "content": "Index: \n===================================================================\n--- \n+++ \n@@ -11,8 +11,8 @@\n    \r\n         color: #fff;\r\n         border-top: 2px solid white;\r\n         text-align: center;\r\n-        height: ;\r\n+        height: 10px;\r\n         padding: 10px 0;\r\n       }\r\n       \r\n"
                },
                {
                    "date": 1717029572757,
                    "content": "Index: \n===================================================================\n--- \n+++ \n@@ -11,8 +11,8 @@\n    \r\n         color: #fff;\r\n         border-top: 2px solid white;\r\n         text-align: center;\r\n-        height: 10px;\r\n+        height: 1;\r\n         padding: 10px 0;\r\n       }\r\n       \r\n"
                },
                {
                    "date": 1717029599351,
                    "content": "Index: \n===================================================================\n--- \n+++ \n@@ -11,8 +11,8 @@\n    \r\n         color: #fff;\r\n         border-top: 2px solid white;\r\n         text-align: center;\r\n-        height: 1;\r\n+        height: 10px 0;\r\n         padding: 10px 0;\r\n       }\r\n       \r\n"
                },
                {
                    "date": 1717029672110,
                    "content": "Index: \n===================================================================\n--- \n+++ \n@@ -7,12 +7,17 @@\n       background-repeat: no-repeat;\r\n       color: white;\r\n }\r\n footer{\r\n-   \r\n+    footer {\r\n+        position: fixed;\r\n+        bottom: 0;\r\n+        left: 0;\r\n+        width: 100%;\r\n         color: #fff;\r\n         border-top: 2px solid white;\r\n         text-align: center;\r\n-        height: 10px 0;\r\n         padding: 10px 0;\r\n+    }\r\n+    \r\n       }\r\n       \r\n"
                },
                {
                    "date": 1717029677636,
                    "content": "Index: \n===================================================================\n--- \n+++ \n@@ -7,9 +7,9 @@\n       background-repeat: no-repeat;\r\n       color: white;\r\n }\r\n footer{\r\n-    footer {\r\n+   \r\n         position: fixed;\r\n         bottom: 0;\r\n         left: 0;\r\n         width: 100%;\r\n@@ -18,6 +18,5 @@\n         text-align: center;\r\n         padding: 10px 0;\r\n     }\r\n     \r\n-      }\r\n-      \r\n+      \n\\ No newline at end of file\n"
                },
                {
                    "date": 1717029689780,
                    "content": "Index: \n===================================================================\n--- \n+++ \n@@ -13,9 +13,9 @@\n         bottom: 0;\r\n         left: 0;\r\n         width: 100%;\r\n         color: #fff;\r\n-        border-top: 2px solid white;\r\n+        \r\n         text-align: center;\r\n         padding: 10px 0;\r\n     }\r\n     \r\n"
                },
                {
                    "date": 1717029698254,
                    "content": "Index: \n===================================================================\n--- \n+++ \n@@ -13,9 +13,8 @@\n         bottom: 0;\r\n         left: 0;\r\n         width: 100%;\r\n         color: #fff;\r\n-        \r\n         text-align: center;\r\n         padding: 10px 0;\r\n     }\r\n     \r\n"
                },
                {
                    "date": 1717029717443,
                    "content": "Index: \n===================================================================\n--- \n+++ \n@@ -9,10 +9,10 @@\n }\r\n footer{\r\n    \r\n         position: fixed;\r\n-        bottom: 0;\r\n-        left: 0;\r\n+        \r\n+        \r\n         width: 100%;\r\n         color: #fff;\r\n         text-align: center;\r\n         padding: 10px 0;\r\n"
                },
                {
                    "date": 1717029726586,
                    "content": "Index: \n===================================================================\n--- \n+++ \n@@ -9,10 +9,10 @@\n }\r\n footer{\r\n    \r\n         position: fixed;\r\n-        \r\n-        \r\n+        bottom: 0;\r\n+        left: 0;\r\n         width: 100%;\r\n         color: #fff;\r\n         text-align: center;\r\n         padding: 10px 0;\r\n"
                },
                {
                    "date": 1717029732292,
                    "content": "Index: \n===================================================================\n--- \n+++ \n@@ -10,9 +10,9 @@\n footer{\r\n    \r\n         position: fixed;\r\n         bottom: 0;\r\n-        left: 0;\r\n+        \r\n         width: 100%;\r\n         color: #fff;\r\n         text-align: center;\r\n         padding: 10px 0;\r\n"
                },
                {
                    "date": 1717029739264,
                    "content": "Index: \n===================================================================\n--- \n+++ \n@@ -10,9 +10,8 @@\n footer{\r\n    \r\n         position: fixed;\r\n         bottom: 0;\r\n-        \r\n         width: 100%;\r\n         color: #fff;\r\n         text-align: center;\r\n         padding: 10px 0;\r\n"
                },
                {
                    "date": 1717029820646,
                    "content": "Index: \n===================================================================\n--- \n+++ \n@@ -16,5 +16,11 @@\n         text-align: center;\r\n         padding: 10px 0;\r\n     }\r\n     \r\n-      \n\\ No newline at end of file\n+      \r\n+    .container {\r\n+        width: 80%; /* Defina a largura desejada */\r\n+        margin: 0 auto; /* Isso centralizará o container horizontalmente */\r\n+        padding-top: 50px; /* Adicione um espaçamento superior para evitar que fique muito próximo ao topo */\r\n+    }\r\n+    \n\\ No newline at end of file\n"
                },
                {
                    "date": 1717029836578,
                    "content": "Index: \n===================================================================\n--- \n+++ \n@@ -20,7 +20,7 @@\n       \r\n     .container {\r\n         width: 80%; /* Defina a largura desejada */\r\n         margin: 0 auto; /* Isso centralizará o container horizontalmente */\r\n-        padding-top: 50px; /* Adicione um espaçamento superior para evitar que fique muito próximo ao topo */\r\n+        padding-top: 100px; /* Adicione um espaçamento superior para evitar que fique muito próximo ao topo */\r\n     }\r\n     \n\\ No newline at end of file\n"
                },
                {
                    "date": 1717029848723,
                    "content": "Index: \n===================================================================\n--- \n+++ \n@@ -20,7 +20,7 @@\n       \r\n     .container {\r\n         width: 80%; /* Defina a largura desejada */\r\n         margin: 0 auto; /* Isso centralizará o container horizontalmente */\r\n-        padding-top: 100px; /* Adicione um espaçamento superior para evitar que fique muito próximo ao topo */\r\n+        padding-top: 120px; /* Adicione um espaçamento superior para evitar que fique muito próximo ao topo */\r\n     }\r\n     \n\\ No newline at end of file\n"
                },
                {
                    "date": 1717029868573,
                    "content": "Index: \n===================================================================\n--- \n+++ \n@@ -20,7 +20,7 @@\n       \r\n     .container {\r\n         width: 80%; /* Defina a largura desejada */\r\n         margin: 0 auto; /* Isso centralizará o container horizontalmente */\r\n-        padding-top: 120px; /* Adicione um espaçamento superior para evitar que fique muito próximo ao topo */\r\n+        padding-top: 140px; /* Adicione um espaçamento superior para evitar que fique muito próximo ao topo */\r\n     }\r\n     \n\\ No newline at end of file\n"
                },
                {
                    "date": 1717029910507,
                    "content": "Index: \n===================================================================\n--- \n+++ \n@@ -19,8 +19,9 @@\n     \r\n       \r\n     .container {\r\n         width: 80%; /* Defina a largura desejada */\r\n-        margin: 0 auto; /* Isso centralizará o container horizontalmente */\r\n-        padding-top: 140px; /* Adicione um espaçamento superior para evitar que fique muito próximo ao topo */\r\n+        margin: 100px auto 50px; /* Margem superior maior para descer o conteúdo */\r\n+        padding-top: 50px; /* Adicione um espaçamento superior interno para manter o conteúdo dentro do container */\r\n     }\r\n+    \r\n     \n\\ No newline at end of file\n"
                },
                {
                    "date": 1717029933406,
                    "content": "Index: \n===================================================================\n--- \n+++ \n@@ -18,9 +18,9 @@\n     }\r\n     \r\n       \r\n     .container {\r\n-        width: 80%; /* Defina a largura desejada */\r\n+        width: 100%; /* Defina a largura desejada */\r\n         margin: 100px auto 50px; /* Margem superior maior para descer o conteúdo */\r\n         padding-top: 50px; /* Adicione um espaçamento superior interno para manter o conteúdo dentro do container */\r\n     }\r\n     \r\n"
                },
                {
                    "date": 1717029940145,
                    "content": "Index: \n===================================================================\n--- \n+++ \n@@ -18,9 +18,9 @@\n     }\r\n     \r\n       \r\n     .container {\r\n-        width: 100%; /* Defina a largura desejada */\r\n+        width: 80%; /* Defina a largura desejada */\r\n         margin: 100px auto 50px; /* Margem superior maior para descer o conteúdo */\r\n         padding-top: 50px; /* Adicione um espaçamento superior interno para manter o conteúdo dentro do container */\r\n     }\r\n     \r\n"
                },
                {
                    "date": 1717029949577,
                    "content": "Index: \n===================================================================\n--- \n+++ \n@@ -19,9 +19,9 @@\n     \r\n       \r\n     .container {\r\n         width: 80%; /* Defina a largura desejada */\r\n-        margin: 100px auto 50px; /* Margem superior maior para descer o conteúdo */\r\n+        margin: 50px auto 50px; /* Margem superior maior para descer o conteúdo */\r\n         padding-top: 50px; /* Adicione um espaçamento superior interno para manter o conteúdo dentro do container */\r\n     }\r\n     \r\n     \n\\ No newline at end of file\n"
                },
                {
                    "date": 1717029959223,
                    "content": "Index: \n===================================================================\n--- \n+++ \n@@ -19,9 +19,9 @@\n     \r\n       \r\n     .container {\r\n         width: 80%; /* Defina a largura desejada */\r\n-        margin: 50px auto 50px; /* Margem superior maior para descer o conteúdo */\r\n+        margin: 150px auto 50px; /* Margem superior maior para descer o conteúdo */\r\n         padding-top: 50px; /* Adicione um espaçamento superior interno para manter o conteúdo dentro do container */\r\n     }\r\n     \r\n     \n\\ No newline at end of file\n"
                },
                {
                    "date": 1717030019545,
                    "content": "Index: \n===================================================================\n--- \n+++ \n@@ -6,18 +6,9 @@\n       background-size: cover;\r\n       background-repeat: no-repeat;\r\n       color: white;\r\n }\r\n-footer{\r\n-   \r\n-        position: fixed;\r\n-        bottom: 0;\r\n-        width: 100%;\r\n-        color: #fff;\r\n-        text-align: center;\r\n-        padding: 10px 0;\r\n-    }\r\n-    \r\n+\r\n       \r\n     .container {\r\n         width: 80%; /* Defina a largura desejada */\r\n         margin: 150px auto 50px; /* Margem superior maior para descer o conteúdo */\r\n"
                },
                {
                    "date": 1717030045575,
                    "content": "Index: \n===================================================================\n--- \n+++ \n@@ -10,9 +10,9 @@\n \r\n       \r\n     .container {\r\n         width: 80%; /* Defina a largura desejada */\r\n-        margin: 150px auto 50px; /* Margem superior maior para descer o conteúdo */\r\n+        margin: 180px auto 50px; /* Margem superior maior para descer o conteúdo */\r\n         padding-top: 50px; /* Adicione um espaçamento superior interno para manter o conteúdo dentro do container */\r\n     }\r\n     \r\n     \n\\ No newline at end of file\n"
                },
                {
                    "date": 1717030056527,
                    "content": "Index: \n===================================================================\n--- \n+++ \n@@ -10,9 +10,9 @@\n \r\n       \r\n     .container {\r\n         width: 80%; /* Defina a largura desejada */\r\n-        margin: 180px auto 50px; /* Margem superior maior para descer o conteúdo */\r\n+        margin: 180px auto 70px; /* Margem superior maior para descer o conteúdo */\r\n         padding-top: 50px; /* Adicione um espaçamento superior interno para manter o conteúdo dentro do container */\r\n     }\r\n     \r\n     \n\\ No newline at end of file\n"
                },
                {
                    "date": 1717030062018,
                    "content": "Index: \n===================================================================\n--- \n+++ \n@@ -10,9 +10,9 @@\n \r\n       \r\n     .container {\r\n         width: 80%; /* Defina a largura desejada */\r\n-        margin: 180px auto 70px; /* Margem superior maior para descer o conteúdo */\r\n+        margin: 180px auto 100px; /* Margem superior maior para descer o conteúdo */\r\n         padding-top: 50px; /* Adicione um espaçamento superior interno para manter o conteúdo dentro do container */\r\n     }\r\n     \r\n     \n\\ No newline at end of file\n"
                },
                {
                    "date": 1717030069076,
                    "content": "Index: \n===================================================================\n--- \n+++ \n@@ -9,10 +9,10 @@\n }\r\n \r\n       \r\n     .container {\r\n-        width: 80%; /* Defina a largura desejada */\r\n-        margin: 180px auto 100px; /* Margem superior maior para descer o conteúdo */\r\n+        width: 0%; /* Defina a largura desejada */\r\n+        margin: 180px auto 50px; /* Margem superior maior para descer o conteúdo */\r\n         padding-top: 50px; /* Adicione um espaçamento superior interno para manter o conteúdo dentro do container */\r\n     }\r\n     \r\n     \n\\ No newline at end of file\n"
                },
                {
                    "date": 1717030124369,
                    "content": "Index: \n===================================================================\n--- \n+++ \n@@ -9,10 +9,16 @@\n }\r\n \r\n       \r\n     .container {\r\n-        width: 0%; /* Defina a largura desejada */\r\n+        width: 75%; /* Defina a largura desejada */\r\n         margin: 180px auto 50px; /* Margem superior maior para descer o conteúdo */\r\n         padding-top: 50px; /* Adicione um espaçamento superior interno para manter o conteúdo dentro do container */\r\n     }\r\n     \r\n+    .machine-status {\r\n+        position: absolute;\r\n+        top: 0;\r\n+        right: 0;\r\n+        margin: 20px;\r\n+    }\r\n     \n\\ No newline at end of file\n"
                },
                {
                    "date": 1717030141310,
                    "content": "Index: \n===================================================================\n--- \n+++ \n@@ -16,9 +16,9 @@\n     }\r\n     \r\n     .machine-status {\r\n         position: absolute;\r\n-        top: 0;\r\n+        top: 100;\r\n         right: 0;\r\n         margin: 20px;\r\n     }\r\n     \n\\ No newline at end of file\n"
                },
                {
                    "date": 1717030147619,
                    "content": "Index: \n===================================================================\n--- \n+++ \n@@ -15,10 +15,9 @@\n         padding-top: 50px; /* Adicione um espaçamento superior interno para manter o conteúdo dentro do container */\r\n     }\r\n     \r\n     .machine-status {\r\n-        position: absolute;\r\n-        top: 100;\r\n-        right: 0;\r\n-        margin: 20px;\r\n-    }\r\n-    \n\\ No newline at end of file\n+    position: absolute;\r\n+    top: 0;\r\n+    right: 0;\r\n+    margin: 20px;\r\n+}\r\n"
                },
                {
                    "date": 1717030155897,
                    "content": "Index: \n===================================================================\n--- \n+++ \n@@ -14,10 +14,5 @@\n         margin: 180px auto 50px; /* Margem superior maior para descer o conteúdo */\r\n         padding-top: 50px; /* Adicione um espaçamento superior interno para manter o conteúdo dentro do container */\r\n     }\r\n     \r\n-    .machine-status {\r\n-    position: absolute;\r\n-    top: 0;\r\n-    right: 0;\r\n-    margin: 20px;\r\n-}\r\n+\r\n"
                },
                {
                    "date": 1717030177336,
                    "content": "Index: \n===================================================================\n--- \n+++ \n@@ -14,5 +14,10 @@\n         margin: 180px auto 50px; /* Margem superior maior para descer o conteúdo */\r\n         padding-top: 50px; /* Adicione um espaçamento superior interno para manter o conteúdo dentro do container */\r\n     }\r\n     \r\n-\r\n+    .machine-status {\r\n+        position: absolute;\r\n+        top: 10px; /* Ajuste conforme necessário para a distância do topo */\r\n+        right: 10px; /* Ajuste conforme necessário para a distância da direita */\r\n+    }\r\n+    \r\n"
                },
                {
                    "date": 1717030189387,
                    "content": "Index: \n===================================================================\n--- \n+++ \n@@ -14,10 +14,4 @@\n         margin: 180px auto 50px; /* Margem superior maior para descer o conteúdo */\r\n         padding-top: 50px; /* Adicione um espaçamento superior interno para manter o conteúdo dentro do container */\r\n     }\r\n     \r\n-    .machine-status {\r\n-        position: absolute;\r\n-        top: 10px; /* Ajuste conforme necessário para a distância do topo */\r\n-        right: 10px; /* Ajuste conforme necessário para a distância da direita */\r\n-    }\r\n-    \r\n"
                },
                {
                    "date": 1717030550594,
                    "content": "Index: \n===================================================================\n--- \n+++ \n@@ -13,5 +13,15 @@\n         width: 75%; /* Defina a largura desejada */\r\n         margin: 180px auto 50px; /* Margem superior maior para descer o conteúdo */\r\n         padding-top: 50px; /* Adicione um espaçamento superior interno para manter o conteúdo dentro do container */\r\n     }\r\n-    \r\n+    /* Aqui você pode definir estilos adicionais */\r\n+\r\n+.machine-status {\r\n+    position: absolute;\r\n+    top: 10px; /* Distância do topo */\r\n+    right: 10px; /* Distância da direita */\r\n+    background-color: #f0f0f0; /* Cor de fundo (pode ser ajustada conforme desejado) */\r\n+    padding: 10px; /* Espaçamento interno */\r\n+    border: 1px solid #ccc; /* Borda (opcional) */\r\n+  }\r\n+  \r\n"
                },
                {
                    "date": 1717030559858,
                    "content": "Index: \n===================================================================\n--- \n+++ \n@@ -13,15 +13,5 @@\n         width: 75%; /* Defina a largura desejada */\r\n         margin: 180px auto 50px; /* Margem superior maior para descer o conteúdo */\r\n         padding-top: 50px; /* Adicione um espaçamento superior interno para manter o conteúdo dentro do container */\r\n     }\r\n-    /* Aqui você pode definir estilos adicionais */\r\n-\r\n-.machine-status {\r\n-    position: absolute;\r\n-    top: 10px; /* Distância do topo */\r\n-    right: 10px; /* Distância da direita */\r\n-    background-color: #f0f0f0; /* Cor de fundo (pode ser ajustada conforme desejado) */\r\n-    padding: 10px; /* Espaçamento interno */\r\n-    border: 1px solid #ccc; /* Borda (opcional) */\r\n-  }\r\n-  \r\n+    \r\n"
                },
                {
                    "date": 1717030769749,
                    "content": "Index: \n===================================================================\n--- \n+++ \n@@ -14,4 +14,10 @@\n         margin: 180px auto 50px; /* Margem superior maior para descer o conteúdo */\r\n         padding-top: 50px; /* Adicione um espaçamento superior interno para manter o conteúdo dentro do container */\r\n     }\r\n     \r\n+    .machine-status {\r\n+        position: absolute;\r\n+        top: 10px; /* Ajuste conforme necessário para a distância do topo */\r\n+        right: 10px; /* Ajuste conforme necessário para a distância da direita */\r\n+    }\r\n+    \r\n"
                },
                {
                    "date": 1717030775398,
                    "content": "Index: \n===================================================================\n--- \n+++ \n@@ -14,9 +14,9 @@\n         margin: 180px auto 50px; /* Margem superior maior para descer o conteúdo */\r\n         padding-top: 50px; /* Adicione um espaçamento superior interno para manter o conteúdo dentro do container */\r\n     }\r\n     \r\n-    .machine-status {\r\n+    .me {\r\n         position: absolute;\r\n         top: 10px; /* Ajuste conforme necessário para a distância do topo */\r\n         right: 10px; /* Ajuste conforme necessário para a distância da direita */\r\n     }\r\n"
                },
                {
                    "date": 1717030786914,
                    "content": "Index: \n===================================================================\n--- \n+++ \n@@ -14,10 +14,11 @@\n         margin: 180px auto 50px; /* Margem superior maior para descer o conteúdo */\r\n         padding-top: 50px; /* Adicione um espaçamento superior interno para manter o conteúdo dentro do container */\r\n     }\r\n     \r\n-    .me {\r\n+    .menu {\r\n         position: absolute;\r\n         top: 10px; /* Ajuste conforme necessário para a distância do topo */\r\n         right: 10px; /* Ajuste conforme necessário para a distância da direita */\r\n+        background-color: ;\r\n     }\r\n     \r\n"
                },
                {
                    "date": 1717030799734,
                    "content": "Index: \n===================================================================\n--- \n+++ \n@@ -18,7 +18,7 @@\n     .menu {\r\n         position: absolute;\r\n         top: 10px; /* Ajuste conforme necessário para a distância do topo */\r\n         right: 10px; /* Ajuste conforme necessário para a distância da direita */\r\n-        background-color: ;\r\n+        color: ;\r\n     }\r\n     \r\n"
                },
                {
                    "date": 1717030805634,
                    "content": "Index: \n===================================================================\n--- \n+++ \n@@ -18,7 +18,7 @@\n     .menu {\r\n         position: absolute;\r\n         top: 10px; /* Ajuste conforme necessário para a distância do topo */\r\n         right: 10px; /* Ajuste conforme necessário para a distância da direita */\r\n-        color: ;\r\n+        color: white;\r\n     }\r\n     \r\n"
                },
                {
                    "date": 1717030880520,
                    "content": "Index: \n===================================================================\n--- \n+++ \n@@ -15,10 +15,24 @@\n         padding-top: 50px; /* Adicione um espaçamento superior interno para manter o conteúdo dentro do container */\r\n     }\r\n     \r\n     .menu {\r\n-        position: absolute;\r\n-        top: 10px; /* Ajuste conforme necessário para a distância do topo */\r\n-        right: 10px; /* Ajuste conforme necessário para a distância da direita */\r\n-        color: white;\r\n+       /* Estilos adicionais para remover o ponto branco e ajustar a posição do status da máquina */\r\n+\r\n+ul {\r\n+    list-style-type: none; /* Remove o estilo padrão de marcadores (pontinhos) */\r\n+    padding: 0; /* Remove o preenchimento padrão da lista */\r\n+    margin: 0; /* Remove a margem padrão da lista */\r\n+  }\r\n+  \r\n+  .machine-status {\r\n+    position: absolute;\r\n+    top: 50px; /* Distância do topo ajustada */\r\n+    right: 10px; /* Distância da direita */\r\n+    background-color: #f0f0f0; /* Cor de fundo (pode ser ajustada conforme desejado) */\r\n+    padding: 10px; /* Espaçamento interno */\r\n+    border: 1px solid #ccc; /* Borda (opcional) */\r\n+    color: white; /* Cor do texto */\r\n+  }\r\n+  \r\n     }\r\n     \r\n"
                },
                {
                    "date": 1717030887333,
                    "content": "Index: \n===================================================================\n--- \n+++ \n@@ -15,10 +15,8 @@\n         padding-top: 50px; /* Adicione um espaçamento superior interno para manter o conteúdo dentro do container */\r\n     }\r\n     \r\n     .menu {\r\n-       /* Estilos adicionais para remover o ponto branco e ajustar a posição do status da máquina */\r\n-\r\n ul {\r\n     list-style-type: none; /* Remove o estilo padrão de marcadores (pontinhos) */\r\n     padding: 0; /* Remove o preenchimento padrão da lista */\r\n     margin: 0; /* Remove a margem padrão da lista */\r\n"
                },
                {
                    "date": 1717030892677,
                    "content": "Index: \n===================================================================\n--- \n+++ \n@@ -20,10 +20,9 @@\n     list-style-type: none; /* Remove o estilo padrão de marcadores (pontinhos) */\r\n     padding: 0; /* Remove o preenchimento padrão da lista */\r\n     margin: 0; /* Remove a margem padrão da lista */\r\n   }\r\n-  \r\n-  .machine-status {\r\n+{\r\n     position: absolute;\r\n     top: 50px; /* Distância do topo ajustada */\r\n     right: 10px; /* Distância da direita */\r\n     background-color: #f0f0f0; /* Cor de fundo (pode ser ajustada conforme desejado) */\r\n"
                },
                {
                    "date": 1717030901430,
                    "content": "Index: \n===================================================================\n--- \n+++ \n@@ -15,15 +15,9 @@\n         padding-top: 50px; /* Adicione um espaçamento superior interno para manter o conteúdo dentro do container */\r\n     }\r\n     \r\n     .menu {\r\n-ul {\r\n-    list-style-type: none; /* Remove o estilo padrão de marcadores (pontinhos) */\r\n-    padding: 0; /* Remove o preenchimento padrão da lista */\r\n-    margin: 0; /* Remove a margem padrão da lista */\r\n-  }\r\n-{\r\n-    position: absolute;\r\n+position: absolute;\r\n     top: 50px; /* Distância do topo ajustada */\r\n     right: 10px; /* Distância da direita */\r\n     background-color: #f0f0f0; /* Cor de fundo (pode ser ajustada conforme desejado) */\r\n     padding: 10px; /* Espaçamento interno */\r\n"
                },
                {
                    "date": 1717030921063,
                    "content": "Index: \n===================================================================\n--- \n+++ \n@@ -16,14 +16,14 @@\n     }\r\n     \r\n     .menu {\r\n position: absolute;\r\n-    top: 50px; /* Distância do topo ajustada */\r\n+    top: 100px; /* Distância do topo ajustada */\r\n     right: 10px; /* Distância da direita */\r\n     background-color: #f0f0f0; /* Cor de fundo (pode ser ajustada conforme desejado) */\r\n     padding: 10px; /* Espaçamento interno */\r\n     border: 1px solid #ccc; /* Borda (opcional) */\r\n     color: white; /* Cor do texto */\r\n   }\r\n   \r\n-    }\r\n+\r\n     \r\n"
                },
                {
                    "date": 1717030926330,
                    "content": "Index: \n===================================================================\n--- \n+++ \n@@ -16,9 +16,9 @@\n     }\r\n     \r\n     .menu {\r\n position: absolute;\r\n-    top: 100px; /* Distância do topo ajustada */\r\n+    top: 150px; /* Distância do topo ajustada */\r\n     right: 10px; /* Distância da direita */\r\n     background-color: #f0f0f0; /* Cor de fundo (pode ser ajustada conforme desejado) */\r\n     padding: 10px; /* Espaçamento interno */\r\n     border: 1px solid #ccc; /* Borda (opcional) */\r\n"
                },
                {
                    "date": 1717030932801,
                    "content": "Index: \n===================================================================\n--- \n+++ \n@@ -17,9 +17,9 @@\n     \r\n     .menu {\r\n position: absolute;\r\n     top: 150px; /* Distância do topo ajustada */\r\n-    right: 10px; /* Distância da direita */\r\n+    right: 20px; /* Distância da direita */\r\n     background-color: #f0f0f0; /* Cor de fundo (pode ser ajustada conforme desejado) */\r\n     padding: 10px; /* Espaçamento interno */\r\n     border: 1px solid #ccc; /* Borda (opcional) */\r\n     color: white; /* Cor do texto */\r\n"
                },
                {
                    "date": 1717030943221,
                    "content": "Index: \n===================================================================\n--- \n+++ \n@@ -17,9 +17,9 @@\n     \r\n     .menu {\r\n position: absolute;\r\n     top: 150px; /* Distância do topo ajustada */\r\n-    right: 20px; /* Distância da direita */\r\n+    right: 0px; /* Distância da direita */\r\n     background-color: #f0f0f0; /* Cor de fundo (pode ser ajustada conforme desejado) */\r\n     padding: 10px; /* Espaçamento interno */\r\n     border: 1px solid #ccc; /* Borda (opcional) */\r\n     color: white; /* Cor do texto */\r\n"
                },
                {
                    "date": 1717030950126,
                    "content": "Index: \n===================================================================\n--- \n+++ \n@@ -17,9 +17,9 @@\n     \r\n     .menu {\r\n position: absolute;\r\n     top: 150px; /* Distância do topo ajustada */\r\n-    right: 0px; /* Distância da direita */\r\n+    right: 100px; /* Distância da direita */\r\n     background-color: #f0f0f0; /* Cor de fundo (pode ser ajustada conforme desejado) */\r\n     padding: 10px; /* Espaçamento interno */\r\n     border: 1px solid #ccc; /* Borda (opcional) */\r\n     color: white; /* Cor do texto */\r\n"
                },
                {
                    "date": 1717030968512,
                    "content": "Index: \n===================================================================\n--- \n+++ \n@@ -18,9 +18,9 @@\n     .menu {\r\n position: absolute;\r\n     top: 150px; /* Distância do topo ajustada */\r\n     right: 100px; /* Distância da direita */\r\n-    background-color: #f0f0f0; /* Cor de fundo (pode ser ajustada conforme desejado) */\r\n+   \r\n     padding: 10px; /* Espaçamento interno */\r\n     border: 1px solid #ccc; /* Borda (opcional) */\r\n     color: white; /* Cor do texto */\r\n   }\r\n"
                },
                {
                    "date": 1717030978761,
                    "content": "Index: \n===================================================================\n--- \n+++ \n@@ -19,10 +19,8 @@\n position: absolute;\r\n     top: 150px; /* Distância do topo ajustada */\r\n     right: 100px; /* Distância da direita */\r\n    \r\n-    padding: 10px; /* Espaçamento interno */\r\n-    border: 1px solid #ccc; /* Borda (opcional) */\r\n     color: white; /* Cor do texto */\r\n   }\r\n   \r\n \r\n"
                },
                {
                    "date": 1717030992653,
                    "content": "Index: \n===================================================================\n--- \n+++ \n@@ -18,10 +18,9 @@\n     .menu {\r\n position: absolute;\r\n     top: 150px; /* Distância do topo ajustada */\r\n     right: 100px; /* Distância da direita */\r\n-   \r\n-    color: white; /* Cor do texto */\r\n+    color: ; /* Cor do texto */\r\n   }\r\n   \r\n \r\n     \r\n"
                },
                {
                    "date": 1717031044108,
                    "content": "Index: \n===================================================================\n--- \n+++ \n@@ -18,9 +18,9 @@\n     .menu {\r\n position: absolute;\r\n     top: 150px; /* Distância do topo ajustada */\r\n     right: 100px; /* Distância da direita */\r\n-    color: ; /* Cor do texto */\r\n+    color: white; /* Cor do texto */\r\n   }\r\n   \r\n \r\n     \r\n"
                },
                {
                    "date": 1717031054953,
                    "content": "Index: \n===================================================================\n--- \n+++ \n@@ -17,9 +17,9 @@\n     \r\n     .menu {\r\n position: absolute;\r\n     top: 150px; /* Distância do topo ajustada */\r\n-    right: 100px; /* Distância da direita */\r\n+    right: 170px; /* Distância da direita */\r\n     color: white; /* Cor do texto */\r\n   }\r\n   \r\n \r\n"
                },
                {
                    "date": 1717031061394,
                    "content": "Index: \n===================================================================\n--- \n+++ \n@@ -16,9 +16,9 @@\n     }\r\n     \r\n     .menu {\r\n position: absolute;\r\n-    top: 150px; /* Distância do topo ajustada */\r\n+    top: 170px; /* Distância do topo ajustada */\r\n     right: 170px; /* Distância da direita */\r\n     color: white; /* Cor do texto */\r\n   }\r\n   \r\n"
                },
                {
                    "date": 1717031074597,
                    "content": "Index: \n===================================================================\n--- \n+++ \n@@ -10,9 +10,9 @@\n \r\n       \r\n     .container {\r\n         width: 75%; /* Defina a largura desejada */\r\n-        margin: 180px auto 50px; /* Margem superior maior para descer o conteúdo */\r\n+        margin: 180px auto 100px; /* Margem superior maior para descer o conteúdo */\r\n         padding-top: 50px; /* Adicione um espaçamento superior interno para manter o conteúdo dentro do container */\r\n     }\r\n     \r\n     .menu {\r\n"
                },
                {
                    "date": 1717031102570,
                    "content": "Index: \n===================================================================\n--- \n+++ \n@@ -10,9 +10,9 @@\n \r\n       \r\n     .container {\r\n         width: 75%; /* Defina a largura desejada */\r\n-        margin: 180px auto 100px; /* Margem superior maior para descer o conteúdo */\r\n+        margin: 180px auto 50px; /* Margem superior maior para descer o conteúdo */\r\n         padding-top: 50px; /* Adicione um espaçamento superior interno para manter o conteúdo dentro do container */\r\n     }\r\n     \r\n     .menu {\r\n"
                },
                {
                    "date": 1717031117273,
                    "content": "Index: \n===================================================================\n--- \n+++ \n@@ -10,9 +10,9 @@\n \r\n       \r\n     .container {\r\n         width: 75%; /* Defina a largura desejada */\r\n-        margin: 180px auto 50px; /* Margem superior maior para descer o conteúdo */\r\n+        margin: 180px auto 10px; /* Margem superior maior para descer o conteúdo */\r\n         padding-top: 50px; /* Adicione um espaçamento superior interno para manter o conteúdo dentro do container */\r\n     }\r\n     \r\n     .menu {\r\n"
                },
                {
                    "date": 1717031123076,
                    "content": "Index: \n===================================================================\n--- \n+++ \n@@ -10,9 +10,9 @@\n \r\n       \r\n     .container {\r\n         width: 75%; /* Defina a largura desejada */\r\n-        margin: 180px auto 10px; /* Margem superior maior para descer o conteúdo */\r\n+        margin: 180px auto 150px; /* Margem superior maior para descer o conteúdo */\r\n         padding-top: 50px; /* Adicione um espaçamento superior interno para manter o conteúdo dentro do container */\r\n     }\r\n     \r\n     .menu {\r\n"
                },
                {
                    "date": 1717031133114,
                    "content": "Index: \n===================================================================\n--- \n+++ \n@@ -10,9 +10,9 @@\n \r\n       \r\n     .container {\r\n         width: 75%; /* Defina a largura desejada */\r\n-        margin: 180px auto 150px; /* Margem superior maior para descer o conteúdo */\r\n+        margin: 180px auto 100px; /* Margem superior maior para descer o conteúdo */\r\n         padding-top: 50px; /* Adicione um espaçamento superior interno para manter o conteúdo dentro do container */\r\n     }\r\n     \r\n     .menu {\r\n"
                },
                {
                    "date": 1717031155781,
                    "content": "Index: \n===================================================================\n--- \n+++ \n@@ -10,9 +10,9 @@\n \r\n       \r\n     .container {\r\n         width: 75%; /* Defina a largura desejada */\r\n-        margin: 180px auto 100px; /* Margem superior maior para descer o conteúdo */\r\n+        margin: 10px auto 100px; /* Margem superior maior para descer o conteúdo */\r\n         padding-top: 50px; /* Adicione um espaçamento superior interno para manter o conteúdo dentro do container */\r\n     }\r\n     \r\n     .menu {\r\n"
                },
                {
                    "date": 1717031161156,
                    "content": "Index: \n===================================================================\n--- \n+++ \n@@ -10,9 +10,9 @@\n \r\n       \r\n     .container {\r\n         width: 75%; /* Defina a largura desejada */\r\n-        margin: 10px auto 100px; /* Margem superior maior para descer o conteúdo */\r\n+        margin: 2000px auto 100px; /* Margem superior maior para descer o conteúdo */\r\n         padding-top: 50px; /* Adicione um espaçamento superior interno para manter o conteúdo dentro do container */\r\n     }\r\n     \r\n     .menu {\r\n"
                },
                {
                    "date": 1717031166781,
                    "content": "Index: \n===================================================================\n--- \n+++ \n@@ -10,9 +10,9 @@\n \r\n       \r\n     .container {\r\n         width: 75%; /* Defina a largura desejada */\r\n-        margin: 2000px auto 100px; /* Margem superior maior para descer o conteúdo */\r\n+        margin: 0px auto 100px; /* Margem superior maior para descer o conteúdo */\r\n         padding-top: 50px; /* Adicione um espaçamento superior interno para manter o conteúdo dentro do container */\r\n     }\r\n     \r\n     .menu {\r\n"
                },
                {
                    "date": 1717031188833,
                    "content": "Index: \n===================================================================\n--- \n+++ \n@@ -10,9 +10,9 @@\n \r\n       \r\n     .container {\r\n         width: 75%; /* Defina a largura desejada */\r\n-        margin: 0px auto 100px; /* Margem superior maior para descer o conteúdo */\r\n+        margin: 10px auto 100px; /* Margem superior maior para descer o conteúdo */\r\n         padding-top: 50px; /* Adicione um espaçamento superior interno para manter o conteúdo dentro do container */\r\n     }\r\n     \r\n     .menu {\r\n"
                },
                {
                    "date": 1717031194161,
                    "content": "Index: \n===================================================================\n--- \n+++ \n@@ -10,9 +10,9 @@\n \r\n       \r\n     .container {\r\n         width: 75%; /* Defina a largura desejada */\r\n-        margin: 10px auto 100px; /* Margem superior maior para descer o conteúdo */\r\n+        margin: 170px auto 100px; /* Margem superior maior para descer o conteúdo */\r\n         padding-top: 50px; /* Adicione um espaçamento superior interno para manter o conteúdo dentro do container */\r\n     }\r\n     \r\n     .menu {\r\n"
                },
                {
                    "date": 1717031201407,
                    "content": "Index: \n===================================================================\n--- \n+++ \n@@ -10,9 +10,9 @@\n \r\n       \r\n     .container {\r\n         width: 75%; /* Defina a largura desejada */\r\n-        margin: 170px auto 100px; /* Margem superior maior para descer o conteúdo */\r\n+        margin: 150px auto 100px; /* Margem superior maior para descer o conteúdo */\r\n         padding-top: 50px; /* Adicione um espaçamento superior interno para manter o conteúdo dentro do container */\r\n     }\r\n     \r\n     .menu {\r\n"
                },
                {
                    "date": 1717031267089,
                    "content": "Index: \n===================================================================\n--- \n+++ \n@@ -10,17 +10,18 @@\n \r\n       \r\n     .container {\r\n         width: 75%; /* Defina a largura desejada */\r\n-        margin: 150px auto 100px; /* Margem superior maior para descer o conteúdo */\r\n+        margin: 140px auto 100px; /* Margem superior maior para descer o conteúdo */\r\n         padding-top: 50px; /* Adicione um espaçamento superior interno para manter o conteúdo dentro do container */\r\n     }\r\n     \r\n     .menu {\r\n position: absolute;\r\n     top: 170px; /* Distância do topo ajustada */\r\n     right: 170px; /* Distância da direita */\r\n     color: white; /* Cor do texto */\r\n+    colo\r\n   }\r\n   \r\n \r\n     \r\n"
                },
                {
                    "date": 1717031276416,
                    "content": "Index: \n===================================================================\n--- \n+++ \n@@ -19,9 +19,9 @@\n position: absolute;\r\n     top: 170px; /* Distância do topo ajustada */\r\n     right: 170px; /* Distância da direita */\r\n     color: white; /* Cor do texto */\r\n-    text-color\r\n+    text-emphasis-color: ;\r\n   }\r\n   \r\n \r\n     \r\n"
                }
            ],
            "date": 1717027172138,
            "name": "Commit-0",
            "content": "/* style.css */\r\n\r\n/* Reset CSS */\r\n* {\r\n    margin: 0;\r\n    padding: 0;\r\n    box-sizing: border-box;\r\n}\r\n\r\n/* Estilos Globais */\r\nbody {\r\n    font-family: Arial, sans-serif;\r\n}\r\n\r\n.container {\r\n    max-width: 1200px;\r\n    margin: 0 auto;\r\n    padding: 20px;\r\n}\r\n\r\n/* Estilos do Cabeçalho */\r\nheader {\r\n    background: linear-gradient(to bottom, #0B0F59 25%, #0E1140 50%, #0622BF 75%, #0820A6 100%);\r\n    color: #fff;\r\n    padding: 10px 0;\r\n    text-align: center;\r\n}\r\n\r\n.logo-imagem img {\r\n    width: 150px; /* Ajuste conforme necessário */\r\n}\r\n\r\n.menu ul {\r\n    list-style-type: none;\r\n}\r\n\r\n.menu ul li {\r\n    display: inline;\r\n    margin-right: 20px;\r\n}\r\n\r\n.menu ul li a {\r\n    color: #fff;\r\n    text-decoration: none;\r\n    font-weight: bold;\r\n    font-size: 18px;\r\n}\r\n\r\n/* Estilos do Conteúdo Principal */\r\n.main {\r\n    padding: 20px 0;\r\n}\r\n\r\n.text-information {\r\n    text-align: justify;\r\n    margin-bottom: 20px;\r\n}\r\n\r\n.text-information h3 {\r\n    font-size: 24px;\r\n    margin-bottom: 10px;\r\n}\r\n\r\n.text-information p {\r\n    font-size: 16px;\r\n    line-height: 1.6;\r\n}\r\n\r\n/* Estilos do Formulário de Login */\r\n.login-container {\r\n    text-align: center;\r\n}\r\n\r\n.login {\r\n    background-color: #fff;\r\n    border-radius: 5px;\r\n    box-shadow: 0 2px 4px rgba(0, 0, 0, 0.1);\r\n    padding: 20px;\r\n    width: 300px; /* Ajuste conforme necessário */\r\n    margin: 0 auto;\r\n}\r\n\r\n.login h2 {\r\n    font-size: 20px;\r\n    margin-bottom: 20px;\r\n}\r\n\r\n.login label {\r\n    display: block;\r\n    margin-bottom: 8px;\r\n    font-weight: bold;\r\n}\r\n\r\n.login input {\r\n    width: 100%;\r\n    padding: 10px;\r\n    margin-bottom: 15px;\r\n    border: 1px solid #ccc;\r\n    border-radius: 3px;\r\n}\r\n\r\n.login button {\r\n    width: 100%;\r\n    padding: 10px;\r\n    background-color: #333;\r\n    color: #fff;\r\n    border: none;\r\n    border-radius: 3px;\r\n    cursor: pointer;\r\n    font-size: 16px;\r\n    margin-bottom: 10px;\r\n}\r\n\r\n.login button:hover {\r\n    background-color: #555;\r\n}\r\n\r\n.login a {\r\n    text-decoration: none;\r\n    color: #333;\r\n    margin-right: 10px;\r\n}\r\n\r\n.login a:hover {\r\n    text-decoration: underline;\r\n}\r\n\r\n/* Estilos do Rodapé */\r\nfooter {\r\n    background: linear-gradient(to bottom, #0B0F59 25%, #0E1140 50%, #0622BF 75%, #0820A6 100%);\r\n    color: #fff;\r\n    padding: 20px 0;\r\n    text-align: center;\r\n}\r\n\r\n.footer-container p {\r\n    margin-bottom: 10px;\r\n}\r\n\r\n.footer-container a {\r\n    color: #fff;\r\n    text-decoration: none;\r\n    margin-right: 10px;\r\n}\r\n\r\n.footer-container a:hover {\r\n    text-decoration: underline;\r\n}\r\n"
        }
    ]
}