[
    {
        "id": "24b7ad97563d9d8c",
        "type": "tab",
        "label": "CNC",
        "disabled": false,
        "info": "",
        "env": []
    },
    {
        "id": "d7b664f651c9fea4",
        "type": "serial-port",
        "name": "RS232",
        "serialport": "COM6",
        "serialbaud": "115200",
        "databits": "8",
        "parity": "none",
        "stopbits": "1",
        "waitfor": "",
        "dtr": "none",
        "rts": "none",
        "cts": "none",
        "dsr": "none",
        "newline": "\\n",
        "bin": "false",
        "out": "char",
        "addchar": "",
        "responsetimeout": "10000"
    },
    {
        "id": "82ff57d858054a1d",
        "type": "MySQLdatabase",
        "name": "mydb2",
        "host": "localhost",
        "port": "3306",
        "db": "mydb2",
        "tz": "hh:mm",
        "charset": "UTF8"
    },
    {
        "id": "878e686aa6ccab77",
        "type": "function",
        "z": "24b7ad97563d9d8c",
        "name": "TrataDados",
        "func": "try {\n    // Dividir a mensagem payload em partes\n    let dados = msg.payload.split(\"|\");\n    let status = dados[0].substring(1);\n\n    // Obter a data e hora atuais\n    let dataAtual = new Date();\n    let ano = dataAtual.getFullYear();\n    let mes = dataAtual.getMonth() + 1;\n    let dia = dataAtual.getDate();\n    let horas = dataAtual.getHours();\n    let minutos = dataAtual.getMinutes();\n    let segundos = dataAtual.getSeconds();\n\n    // Formatar data e hora\n    let dataFormatada = `${ano}-${mes.toString().padStart(2, '0')}-${dia.toString().padStart(2, '0')}`;\n    let horaFormatada = `${horas.toString().padStart(2, '0')}:${minutos.toString().padStart(2, '0')}:${segundos.toString().padStart(2, '0')}`;\n\n    // Ler posições\n    let dadosPos = dados[1].split(\":\")[1].split(\",\");\n    let x = dadosPos[0];\n    let y = dadosPos[1];\n    let z = dadosPos[2];\n\n    // Ler feed rate e spindle\n    let dadosRateSpindle = dados[2].split(\":\")[1].split(\",\");\n    let feedRate = dadosRateSpindle[0];\n    let spindle = dadosRateSpindle[1];\n    //Ler valorGlobal\n    let valorGlobal = global.get(\"insereStatus\");\n    let valorGlobalConexao = global.set(\"insereConexao\", \"conectado\");\n\n    // Criar objeto JSON\n    let dadosJSON = {\n        status: status,\n        x: parseFloat(x),\n        y: parseFloat(y),\n        z: parseFloat(z),\n        feedRate: parseFloat(feedRate),\n        spindle: parseFloat(spindle),\n        horaFormatada: horaFormatada,\n        dataFormatada: dataFormatada,\n    };\n\n    msg.payload = dadosJSON;\n\n    // Criar a query SQL baseada no valor de `valorGlobal`\n    switch (valorGlobal) {\n        case \"Idle\":\n            msg.topic = `INSERT INTO cnc (posX, posY, posZ, feedRate, spidle, data, hora, statusMaq) VALUES (${msg.payload.x}, ${msg.payload.y}, ${msg.payload.z}, ${msg.payload.feedRate}, ${msg.payload.spindle}, '${dataFormatada}', '${horaFormatada}', 'Parado');`;\n            break;\n        case \"Check\":\n            msg.topic = `INSERT INTO cnc (posX, posY, posZ, feedRate, spidle, data, hora, statusMaq) VALUES (${msg.payload.x}, ${msg.payload.y}, ${msg.payload.z}, ${msg.payload.feedRate}, ${msg.payload.spindle}, '${dataFormatada}', '${horaFormatada}', 'Check');`;\n            break;\n        case \"Run\":\n            msg.topic = `INSERT INTO cnc (posX, posY, posZ, feedRate, spidle, data, hora, statusMaq) VALUES (${msg.payload.x}, ${msg.payload.y}, ${msg.payload.z}, ${msg.payload.feedRate}, ${msg.payload.spindle}, '${dataFormatada}', '${horaFormatada}', 'Rodando');`;\n            break;\n        case \"undefined\":\n            msg.topic = `INSERT INTO cnc (posX, posY, posZ, feedRate, spidle, data, hora, statusMaq) VALUES (${msg.payload.x}, ${msg.payload.y}, ${msg.payload.z}, ${msg.payload.feedRate}, ${msg.payload.spindle}, '${dataFormatada}', '${horaFormatada}', 'Desconectado');`;\n            break;\n        case \"Hold:0\":\n            msg.topic = `INSERT INTO cnc (posX, posY, posZ, feedRate, spidle, data, hora, statusMaq) VALUES (${msg.payload.x}, ${msg.payload.y}, ${msg.payload.z}, ${msg.payload.feedRate}, ${msg.payload.spindle}, '${dataFormatada}', '${horaFormatada}', 'Pausado');`;\n            break;\n    }\n    return msg;\n} catch (err) {\n    console.error(\"Erro ao processar a mensagem:\", err);\n    return null;\n}\n",
        "outputs": 1,
        "timeout": 0,
        "noerr": 0,
        "initialize": "",
        "finalize": "",
        "libs": [],
        "x": 430,
        "y": 360,
        "wires": [
            [
                "0c3f37170d889f04",
                "3962161f6950624d",
                "ed828c9516b4ef50"
            ]
        ]
    },
    {
        "id": "0c3f37170d889f04",
        "type": "function",
        "z": "24b7ad97563d9d8c",
        "name": "AttDados",
        "func": "flow.set(\"dadosGlobais\",msg.payload);\nreturn null;",
        "outputs": 1,
        "timeout": 0,
        "noerr": 0,
        "initialize": "",
        "finalize": "",
        "libs": [],
        "x": 660,
        "y": 360,
        "wires": [
            []
        ]
    },
    {
        "id": "d7b6c3ea935563f7",
        "type": "inject",
        "z": "24b7ad97563d9d8c",
        "name": "VariaveisGlobais",
        "props": [],
        "repeat": "",
        "crontab": "",
        "once": true,
        "onceDelay": 0.1,
        "topic": "",
        "x": 270,
        "y": 260,
        "wires": [
            [
                "4143709ea5d2275e"
            ]
        ]
    },
    {
        "id": "4143709ea5d2275e",
        "type": "change",
        "z": "24b7ad97563d9d8c",
        "name": "dadosGlobais",
        "rules": [
            {
                "t": "set",
                "p": "dadosGlobais",
                "pt": "flow",
                "to": "",
                "tot": "str"
            }
        ],
        "action": "",
        "property": "",
        "from": "",
        "to": "",
        "reg": false,
        "x": 600,
        "y": 260,
        "wires": [
            []
        ]
    },
    {
        "id": "3962161f6950624d",
        "type": "debug",
        "z": "24b7ad97563d9d8c",
        "name": "debug 1",
        "active": false,
        "tosidebar": true,
        "console": false,
        "tostatus": false,
        "complete": "false",
        "statusVal": "",
        "statusType": "auto",
        "x": 800,
        "y": 300,
        "wires": []
    },
    {
        "id": "8d9dd9ec1f2cbb61",
        "type": "http in",
        "z": "24b7ad97563d9d8c",
        "name": "",
        "url": "/cnc",
        "method": "get",
        "upload": false,
        "swaggerDoc": "",
        "x": 200,
        "y": 460,
        "wires": [
            [
                "f7c3f6f1c0d68247"
            ]
        ]
    },
    {
        "id": "f7c3f6f1c0d68247",
        "type": "function",
        "z": "24b7ad97563d9d8c",
        "name": "apiDadosCNC",
        "func": "try {\n    // Pegar a conexão global\n    let pegaConexao = global.get(\"insereConexao\");\n    let pegaStatus = global.get(\"insereStatus\")\n    \n    // Definir o estado desconectado\n    let desconectado = \"desconectado\";\n    \n    // Criar objeto JSON para estado desconectado\n    let conexaoJSON = {\n        conexao: desconectado\n    };\n    \n    // Verificar o estado da conexão e ajustar a payload\n    if (pegaConexao === \"conectado\" && (pegaStatus ===\"Idle\" || pegaStatus === \"Idle\" || pegaStatus === \"Run\" || pegaStatus === \"Hold:0\")) {\n        msg.payload = flow.get(\"dadosGlobais\");\n    } else {\n        msg.payload = conexaoJSON;\n    }\n\n    return msg;\n} catch (err) {\n    console.error(\"Erro ao processar a mensagem:\", err);\n    return null;\n}\n\n",
        "outputs": 1,
        "timeout": 0,
        "noerr": 0,
        "initialize": "",
        "finalize": "",
        "libs": [],
        "x": 440,
        "y": 460,
        "wires": [
            [
                "0a24bb538ff20865",
                "05598e15309baeb5"
            ]
        ]
    },
    {
        "id": "0a24bb538ff20865",
        "type": "http response",
        "z": "24b7ad97563d9d8c",
        "name": "",
        "statusCode": "",
        "headers": {},
        "x": 710,
        "y": 460,
        "wires": []
    },
    {
        "id": "48525658824a47bd",
        "type": "inject",
        "z": "24b7ad97563d9d8c",
        "name": "",
        "props": [],
        "repeat": "0.5",
        "crontab": "",
        "once": false,
        "onceDelay": 0.1,
        "topic": "",
        "x": 230,
        "y": 620,
        "wires": [
            [
                "edf835448c51b5cd"
            ]
        ]
    },
    {
        "id": "edf835448c51b5cd",
        "type": "function",
        "z": "24b7ad97563d9d8c",
        "name": "LeStatus",
        "func": "\nlet dados = flow.get(\"dadosGlobais\");\nlet status = dados.status;\n\nswitch (status) {\n\n    case \"Idle\":\n        global.set(\"insereStatus\", \"Idle\");\n        break;\n    case \"Check\":\n        msg.payload = \"Check\";\n        global.set(\"insereStatus\", \"Check\");\n        break;\n    case \"Run\":\n        msg.payload = \"Run\";\n       global.set(\"insereStatus\", \"Run\");\n        break;\n    case \"Hold:0\":\n        msg.payload= \"Hold:0\"\n        global.set(\"insereStatus\",\"Hold:0\")\n        break;\n    default:\n        msg.payload = \"undefined\";\n        global.set(\"insereStatus\", \"undefined\");\n        break;\n}\n\nreturn msg;",
        "outputs": 1,
        "timeout": 0,
        "noerr": 0,
        "initialize": "",
        "finalize": "",
        "libs": [],
        "x": 420,
        "y": 620,
        "wires": [
            [
                "38b432ad87fa362f"
            ]
        ]
    },
    {
        "id": "312c67a57f354fd4",
        "type": "serial in",
        "z": "24b7ad97563d9d8c",
        "name": "CNC",
        "serial": "d7b664f651c9fea4",
        "x": 210,
        "y": 360,
        "wires": [
            [
                "878e686aa6ccab77"
            ]
        ]
    },
    {
        "id": "38b432ad87fa362f",
        "type": "debug",
        "z": "24b7ad97563d9d8c",
        "name": "debug 2",
        "active": true,
        "tosidebar": true,
        "console": false,
        "tostatus": false,
        "complete": "false",
        "statusVal": "",
        "statusType": "auto",
        "x": 740,
        "y": 560,
        "wires": []
    },
    {
        "id": "ed828c9516b4ef50",
        "type": "mysql",
        "z": "24b7ad97563d9d8c",
        "mydb": "82ff57d858054a1d",
        "name": "DataBaseSQL",
        "x": 740,
        "y": 620,
        "wires": [
            []
        ]
    },
    {
        "id": "05598e15309baeb5",
        "type": "debug",
        "z": "24b7ad97563d9d8c",
        "name": "debug 3",
        "active": false,
        "tosidebar": true,
        "console": false,
        "tostatus": false,
        "complete": "false",
        "statusVal": "",
        "statusType": "auto",
        "x": 760,
        "y": 400,
        "wires": []
    }
]