{
    "sourceFile": "dados.json",
    "activeCommit": 0,
    "commits": [
        {
            "activePatchIndex": 4,
            "patches": [
                {
                    "date": 1717021357413,
                    "content": "Index: \n===================================================================\n--- \n+++ \n"
                },
                {
                    "date": 1717021374416,
                    "content": "Index: \n===================================================================\n--- \n+++ \n@@ -1,1 +1,8 @@\n-\r\n+{\r\n+  \"status\": \"Idle\",\r\n+  \"x\": 10,\r\n+  \"y\": 20,\r\n+  \"z\": 30,\r\n+  \"feedRate\": 1000,\r\n+  \"spindle\": 2000\r\n+}\r\n"
                },
                {
                    "date": 1717022509473,
                    "content": "Index: \n===================================================================\n--- \n+++ \n@@ -1,8 +1,8 @@\n {\r\n-  \"status\": \"Idle\",\r\n-  \"x\": 10,\r\n-  \"y\": 20,\r\n-  \"z\": 30,\r\n-  \"feedRate\": 1000,\r\n-  \"spindle\": 2000\r\n+  \"status\": \"Operando\",\r\n+  \"x\": 123.45,\r\n+  \"y\": 67.89,\r\n+  \"z\": 12.34,\r\n+  \"feedRate\": 1500,\r\n+  \"spindle\": 12000\r\n }\r\n"
                },
                {
                    "date": 1717025632096,
                    "content": "Index: \n===================================================================\n--- \n+++ \n@@ -1,8 +1,43 @@\n {\r\n-  \"status\": \"Operando\",\r\n-  \"x\": 123.45,\r\n-  \"y\": 67.89,\r\n-  \"z\": 12.34,\r\n-  \"feedRate\": 1500,\r\n-  \"spindle\": 12000\r\n+  \"machine-status\": {\r\n+    \"title\": \"Status da Máquina\",\r\n+    \"status\": \"Operando\"\r\n+  },\r\n+  \"tool-position\": {\r\n+    \"title\": \"Posicionamento da Ferramenta no Espaço\",\r\n+    \"coordinates\": {\r\n+      \"X\": \"123.45 mm\",\r\n+      \"Y\": \"67.89 mm\",\r\n+      \"Z\": \"12.34 mm\"\r\n+    }\r\n+  },\r\n+  \"feed-rate\": {\r\n+    \"title\": \"Taxa de Avanço da Ferramenta (Feed Rate)\",\r\n+    \"rate\": \"1500 mm/min\"\r\n+  },\r\n+  \"spindle-speed\": {\r\n+    \"title\": \"Velocidade de Rotação do Spindle\",\r\n+    \"speed\": \"12000 RPM\"\r\n+  },\r\n+  \"status-log\": {\r\n+    \"title\": \"Lista de Modificações de Status com Data e Hora\",\r\n+    \"modifications\": [\r\n+      {\r\n+        \"datetime\": \"24/05/2024 14:30\",\r\n+        \"description\": \"Máquina Iniciada\"\r\n+      },\r\n+      {\r\n+        \"datetime\": \"24/05/2024 15:00\",\r\n+        \"description\": \"Ferramenta Posição X: 100.00 mm, Y: 50.00 mm, Z: 10.00 mm\"\r\n+      },\r\n+      {\r\n+        \"datetime\": \"24/05/2024 15:30\",\r\n+        \"description\": \"Feed Rate Ajustado para 1500 mm/min\"\r\n+      },\r\n+      {\r\n+        \"datetime\": \"24/05/2024 16:00\",\r\n+        \"description\": \"Spindle Velocidade Ajustada para 12000 RPM\"\r\n+      }\r\n+    ]\r\n+  }\r\n }\r\n"
                },
                {
                    "date": 1717025931648,
                    "content": "Index: \n===================================================================\n--- \n+++ \n@@ -5,9 +5,9 @@\n   },\r\n   \"tool-position\": {\r\n     \"title\": \"Posicionamento da Ferramenta no Espaço\",\r\n     \"coordinates\": {\r\n-      \"X\": \"123.45 mm\",\r\n+      \"X\": \"12555.45 mm\",\r\n       \"Y\": \"67.89 mm\",\r\n       \"Z\": \"12.34 mm\"\r\n     }\r\n   },\r\n"
                }
            ],
            "date": 1717021357413,
            "name": "Commit-0",
            "content": "\r\n"
        }
    ]
}