{
    "sourceFile": "informacoes.html",
    "activeCommit": 0,
    "commits": [
        {
            "activePatchIndex": 11,
            "patches": [
                {
                    "date": 1717020842040,
                    "content": "Index: \n===================================================================\n--- \n+++ \n"
                },
                {
                    "date": 1717022049898,
                    "content": "Index: \n===================================================================\n--- \n+++ \n@@ -6,8 +6,9 @@\n     <meta name=\"viewport\" content=\"width=device-width, initial-scale=1.0\">\r\n     <title>Status da Máquina</title>\r\n     <link rel=\"stylesheet\" href=\"status.css\">\r\n     <link rel=\"shortcut icon\" href=\"imagens/black white simple shark logo.png\" type=\"image/x-icon\">\r\n+     <script src=\"https://cdnjs.cloudflare.com/ajax/libs/animejs/3.2.1/anime.min.js\"></script>\r\n </head>\r\n \r\n <body>\r\n     <header>\r\n"
                },
                {
                    "date": 1717022251034,
                    "content": "Index: \n===================================================================\n--- \n+++ \n@@ -29,14 +29,13 @@\n         </div>\r\n     </header>\r\n \r\n     <main>\r\n-\r\n-        <h1>Valores CNC</h1>\r\n-    <div>\r\n-        <p><strong>X:</strong> <span id=\"posX\"></span></p>\r\n-        <p><strong>Y:</strong> <span id=\"posY\"></span></p>\r\n-        <p><strong>Z:</strong> <span id=\"posZ\"></span></p>\r\n+<h1>Valores CNC</h1>\r\n+    <div id=\"visualization\">\r\n+        <div id=\"circleX\" class=\"circle\" data-axis=\"left\"></div>\r\n+        <div id=\"circleY\" class=\"circle\" data-axis=\"top\"></div>\r\n+        <div id=\"circleZ\" class=\"circle\" data-axis=\"left\"></div>\r\n     </div>\r\n         <div class=\"container\">\r\n             <div class=\"machine-status\">\r\n                 <h2>Status da Máquina</h2>\r\n"
                },
                {
                    "date": 1717022322326,
                    "content": "Index: \n===================================================================\n--- \n+++ \n@@ -35,37 +35,9 @@\n         <div id=\"circleX\" class=\"circle\" data-axis=\"left\"></div>\r\n         <div id=\"circleY\" class=\"circle\" data-axis=\"top\"></div>\r\n         <div id=\"circleZ\" class=\"circle\" data-axis=\"left\"></div>\r\n     </div>\r\n-        <div class=\"container\">\r\n-            <div class=\"machine-status\">\r\n-                <h2>Status da Máquina</h2>\r\n-                <p>Operando</p>\r\n-            </div>\r\n-            <div class=\"tool-position\">\r\n-                <h2>Posicionamento da Ferramenta no Espaço</h2>\r\n-                <p>X: 123.45 mm</p>\r\n-                <p>Y: 67.89 mm</p>\r\n-                <p>Z: 12.34 mm</p>\r\n-            </div>\r\n-            <div class=\"feed-rate\">\r\n-                <h2>Taxa de Avanço da Ferramenta (Feed Rate)</h2>\r\n-                <p>1500 mm/min</p>\r\n-            </div>\r\n-            <div class=\"spindle-speed\">\r\n-                <h2>Velocidade de Rotação do Spindle</h2>\r\n-                <p>12000 RPM</p>\r\n-            </div>\r\n-            <div class=\"status-log\">\r\n-                <h2>Lista de Modificações de Status com Data e Hora</h2>\r\n-                <ul>\r\n-                    <li>24/05/2024 14:30 - Máquina Iniciada</li>\r\n-                    <li>24/05/2024 15:00 - Ferramenta Posição X: 100.00 mm, Y: 50.00 mm, Z: 10.00 mm</li>\r\n-                    <li>24/05/2024 15:30 - Feed Rate Ajustado para 1500 mm/min</li>\r\n-                    <li>24/05/2024 16:00 - Spindle Velocidade Ajustada para 12000 RPM</li>\r\n-                </ul>\r\n-            </div>\r\n-        </div>\r\n+       \r\n     </main>\r\n \r\n     <footer>\r\n         <div class=\"footer-container\">\r\n"
                },
                {
                    "date": 1717022344168,
                    "content": "Index: \n===================================================================\n--- \n+++ \n@@ -35,9 +35,37 @@\n         <div id=\"circleX\" class=\"circle\" data-axis=\"left\"></div>\r\n         <div id=\"circleY\" class=\"circle\" data-axis=\"top\"></div>\r\n         <div id=\"circleZ\" class=\"circle\" data-axis=\"left\"></div>\r\n     </div>\r\n-       \r\n+        <div class=\"container\">\r\n+            <div class=\"machine-status\">\r\n+                <h2>Status da Máquina</h2>\r\n+                <p>Operando</p>\r\n+            </div>\r\n+            <div class=\"tool-position\">\r\n+                <h2>Posicionamento da Ferramenta no Espaço</h2>\r\n+                <p>X: 123.45 mm</p>\r\n+                <p>Y: 67.89 mm</p>\r\n+                <p>Z: 12.34 mm</p>\r\n+            </div>\r\n+            <div class=\"feed-rate\">\r\n+                <h2>Taxa de Avanço da Ferramenta (Feed Rate)</h2>\r\n+                <p>1500 mm/min</p>\r\n+            </div>\r\n+            <div class=\"spindle-speed\">\r\n+                <h2>Velocidade de Rotação do Spindle</h2>\r\n+                <p>12000 RPM</p>\r\n+            </div>\r\n+            <div class=\"status-log\">\r\n+                <h2>Lista de Modificações de Status com Data e Hora</h2>\r\n+                <ul>\r\n+                    <li>24/05/2024 14:30 - Máquina Iniciada</li>\r\n+                    <li>24/05/2024 15:00 - Ferramenta Posição X: 100.00 mm, Y: 50.00 mm, Z: 10.00 mm</li>\r\n+                    <li>24/05/2024 15:30 - Feed Rate Ajustado para 1500 mm/min</li>\r\n+                    <li>24/05/2024 16:00 - Spindle Velocidade Ajustada para 12000 RPM</li>\r\n+                </ul>\r\n+            </div>\r\n+        </div>\r\n     </main>\r\n \r\n     <footer>\r\n         <div class=\"footer-container\">\r\n"
                },
                {
                    "date": 1717022441489,
                    "content": "Index: \n===================================================================\n--- \n+++ \n@@ -1,16 +1,14 @@\n <!DOCTYPE html>\r\n <html lang=\"pt-br\">\r\n-\r\n <head>\r\n     <meta charset=\"UTF-8\">\r\n     <meta name=\"viewport\" content=\"width=device-width, initial-scale=1.0\">\r\n     <title>Status da Máquina</title>\r\n     <link rel=\"stylesheet\" href=\"status.css\">\r\n     <link rel=\"shortcut icon\" href=\"imagens/black white simple shark logo.png\" type=\"image/x-icon\">\r\n-     <script src=\"https://cdnjs.cloudflare.com/ajax/libs/animejs/3.2.1/anime.min.js\"></script>\r\n+    <script src=\"https://cdnjs.cloudflare.com/ajax/libs/animejs/3.2.1/anime.min.js\"></script>\r\n </head>\r\n-\r\n <body>\r\n     <header>\r\n         <div class=\"container-logo\">\r\n             <div class=\"logo-imagem\">\r\n@@ -29,32 +27,32 @@\n         </div>\r\n     </header>\r\n \r\n     <main>\r\n-<h1>Valores CNC</h1>\r\n-    <div id=\"visualization\">\r\n-        <div id=\"circleX\" class=\"circle\" data-axis=\"left\"></div>\r\n-        <div id=\"circleY\" class=\"circle\" data-axis=\"top\"></div>\r\n-        <div id=\"circleZ\" class=\"circle\" data-axis=\"left\"></div>\r\n-    </div>\r\n+        <h1>Valores CNC</h1>\r\n+        <div id=\"visualization\">\r\n+            <div id=\"circleX\" class=\"circle\" data-axis=\"left\"></div>\r\n+            <div id=\"circleY\" class=\"circle\" data-axis=\"top\"></div>\r\n+            <div id=\"circleZ\" class=\"circle\" data-axis=\"left\"></div>\r\n+        </div>\r\n         <div class=\"container\">\r\n             <div class=\"machine-status\">\r\n                 <h2>Status da Máquina</h2>\r\n                 <p>Operando</p>\r\n             </div>\r\n             <div class=\"tool-position\">\r\n                 <h2>Posicionamento da Ferramenta no Espaço</h2>\r\n-                <p>X: 123.45 mm</p>\r\n-                <p>Y: 67.89 mm</p>\r\n-                <p>Z: 12.34 mm</p>\r\n+                <p>X: <span id=\"posX\">123.45</span> mm</p>\r\n+                <p>Y: <span id=\"posY\">67.89</span> mm</p>\r\n+                <p>Z: <span id=\"posZ\">12.34</span> mm</p>\r\n             </div>\r\n             <div class=\"feed-rate\">\r\n                 <h2>Taxa de Avanço da Ferramenta (Feed Rate)</h2>\r\n-                <p>1500 mm/min</p>\r\n+                <p><span id=\"feedRate\">1500</span> mm/min</p>\r\n             </div>\r\n             <div class=\"spindle-speed\">\r\n                 <h2>Velocidade de Rotação do Spindle</h2>\r\n-                <p>12000 RPM</p>\r\n+                <p><span id=\"spindle\">12000</span> RPM</p>\r\n             </div>\r\n             <div class=\"status-log\">\r\n                 <h2>Lista de Modificações de Status com Data e Hora</h2>\r\n                 <ul>\r\n@@ -77,6 +75,5 @@\n     </footer>\r\n \r\n     <script src=\"script.js\"></script>\r\n </body>\r\n-\r\n </html>\r\n"
                },
                {
                    "date": 1717022560124,
                    "content": "Index: \n===================================================================\n--- \n+++ \n@@ -36,9 +36,9 @@\n         </div>\r\n         <div class=\"container\">\r\n             <div class=\"machine-status\">\r\n                 <h2>Status da Máquina</h2>\r\n-                <p>Operando</p>\r\n+                <p id=\"machineStatus\">Operando</p>\r\n             </div>\r\n             <div class=\"tool-position\">\r\n                 <h2>Posicionamento da Ferramenta no Espaço</h2>\r\n                 <p>X: <span id=\"posX\">123.45</span> mm</p>\r\n"
                },
                {
                    "date": 1717023455078,
                    "content": "Index: \n===================================================================\n--- \n+++ \n@@ -27,14 +27,56 @@\n         </div>\r\n     </header>\r\n \r\n     <main>\r\n-        <h1>Valores CNC</h1>\r\n-        <div id=\"visualization\">\r\n-            <div id=\"circleX\" class=\"circle\" data-axis=\"left\"></div>\r\n-            <div id=\"circleY\" class=\"circle\" data-axis=\"top\"></div>\r\n-            <div id=\"circleZ\" class=\"circle\" data-axis=\"left\"></div>\r\n-        </div>\r\n+        // Inclua a biblioteca anime.js\r\n+// <script src=\"https://cdnjs.cloudflare.com/ajax/libs/animejs/3.2.1/anime.min.js\"></script>\r\n+\r\n+// Inclua a biblioteca anime.js\r\n+// <script src=\"https://cdnjs.cloudflare.com/ajax/libs/animejs/3.2.1/anime.min.js\"></script>\r\n+\r\n+async function fetchCNCData() {\r\n+  try {\r\n+    const response = await fetch('dados.json'); // Altere para '/cnc' se estiver usando um servidor Node-RED\r\n+    const data = await response.json();\r\n+\r\n+    // Animação dos objetos dinâmicos no HTML\r\n+    animateObject('circleX', data.x * 10); // Multiplique por 10 para melhor visibilidade na tela\r\n+    animateObject('circleY', data.y * 10);\r\n+    animateObject('circleZ', data.z * 10);\r\n+\r\n+    // Atualiza valores textuais\r\n+    document.getElementById('posX').innerText = data.x.toFixed(2);\r\n+    document.getElementById('posY').innerText = data.y.toFixed(2);\r\n+    document.getElementById('posZ').innerText = data.z.toFixed(2);\r\n+    document.getElementById('feedRate').innerText = data.feedRate;\r\n+    document.getElementById('spindle').innerText = data.spindle;\r\n+  } catch (error) {\r\n+    console.error('Erro ao obter dados CNC:', error);\r\n+  }\r\n+}\r\n+\r\n+function animateObject(elementId, newValue) {\r\n+  const element = document.getElementById(elementId);\r\n+  const axis = element.dataset.axis;\r\n+\r\n+  anime({\r\n+    targets: element,\r\n+    [axis]: newValue,\r\n+    easing: 'easeInOutQuad',\r\n+    duration: 1000\r\n+  });\r\n+}\r\n+\r\n+// Função para atualizar os dados periodicamente\r\n+function updateDataPeriodically() {\r\n+  fetchCNCData();\r\n+  setTimeout(updateDataPeriodically, 3000); // Atualiza a cada 3 segundos\r\n+}\r\n+\r\n+// Inicia a atualização periódica dos dados\r\n+updateDataPeriodically();\r\n+\r\n         <div class=\"container\">\r\n             <div class=\"machine-status\">\r\n                 <h2>Status da Máquina</h2>\r\n                 <p id=\"machineStatus\">Operando</p>\r\n"
                },
                {
                    "date": 1717023470789,
                    "content": "Index: \n===================================================================\n--- \n+++ \n@@ -27,56 +27,14 @@\n         </div>\r\n     </header>\r\n \r\n     <main>\r\n-        // Inclua a biblioteca anime.js\r\n-// <script src=\"https://cdnjs.cloudflare.com/ajax/libs/animejs/3.2.1/anime.min.js\"></script>\r\n-\r\n-// Inclua a biblioteca anime.js\r\n-// <script src=\"https://cdnjs.cloudflare.com/ajax/libs/animejs/3.2.1/anime.min.js\"></script>\r\n-\r\n-async function fetchCNCData() {\r\n-  try {\r\n-    const response = await fetch('dados.json'); // Altere para '/cnc' se estiver usando um servidor Node-RED\r\n-    const data = await response.json();\r\n-\r\n-    // Animação dos objetos dinâmicos no HTML\r\n-    animateObject('circleX', data.x * 10); // Multiplique por 10 para melhor visibilidade na tela\r\n-    animateObject('circleY', data.y * 10);\r\n-    animateObject('circleZ', data.z * 10);\r\n-\r\n-    // Atualiza valores textuais\r\n-    document.getElementById('posX').innerText = data.x.toFixed(2);\r\n-    document.getElementById('posY').innerText = data.y.toFixed(2);\r\n-    document.getElementById('posZ').innerText = data.z.toFixed(2);\r\n-    document.getElementById('feedRate').innerText = data.feedRate;\r\n-    document.getElementById('spindle').innerText = data.spindle;\r\n-  } catch (error) {\r\n-    console.error('Erro ao obter dados CNC:', error);\r\n-  }\r\n-}\r\n-\r\n-function animateObject(elementId, newValue) {\r\n-  const element = document.getElementById(elementId);\r\n-  const axis = element.dataset.axis;\r\n-\r\n-  anime({\r\n-    targets: element,\r\n-    [axis]: newValue,\r\n-    easing: 'easeInOutQuad',\r\n-    duration: 1000\r\n-  });\r\n-}\r\n-\r\n-// Função para atualizar os dados periodicamente\r\n-function updateDataPeriodically() {\r\n-  fetchCNCData();\r\n-  setTimeout(updateDataPeriodically, 3000); // Atualiza a cada 3 segundos\r\n-}\r\n-\r\n-// Inicia a atualização periódica dos dados\r\n-updateDataPeriodically();\r\n-\r\n+        <h1>Valores CNC</h1>\r\n+    <div>\r\n+        <p><strong>X:</strong> <span id=\"posX\">0</span></p>\r\n+        <p><strong>Y:</strong> <span id=\"posY\">0</span></p>\r\n+        <p><strong>Z:</strong> <span id=\"posZ\">0</span></p>\r\n+    </div>\r\n         <div class=\"container\">\r\n             <div class=\"machine-status\">\r\n                 <h2>Status da Máquina</h2>\r\n                 <p id=\"machineStatus\">Operando</p>\r\n"
                },
                {
                    "date": 1717025573653,
                    "content": "Index: \n===================================================================\n--- \n+++ \n@@ -28,39 +28,36 @@\n     </header>\r\n \r\n     <main>\r\n         <h1>Valores CNC</h1>\r\n-    <div>\r\n-        <p><strong>X:</strong> <span id=\"posX\">0</span></p>\r\n-        <p><strong>Y:</strong> <span id=\"posY\">0</span></p>\r\n-        <p><strong>Z:</strong> <span id=\"posZ\">0</span></p>\r\n-    </div>\r\n+        <div>\r\n+            <p><strong>X:</strong> <span id=\"posX\">0</span></p>\r\n+            <p><strong>Y:</strong> <span id=\"posY\">0</span></p>\r\n+            <p><strong>Z:</strong> <span id=\"posZ\">0</span></p>\r\n+        </div>\r\n         <div class=\"container\">\r\n             <div class=\"machine-status\">\r\n                 <h2>Status da Máquina</h2>\r\n-                <p id=\"machineStatus\">Operando</p>\r\n+                <p id=\"machineStatus\"></p>\r\n             </div>\r\n             <div class=\"tool-position\">\r\n                 <h2>Posicionamento da Ferramenta no Espaço</h2>\r\n-                <p>X: <span id=\"posX\">123.45</span> mm</p>\r\n-                <p>Y: <span id=\"posY\">67.89</span> mm</p>\r\n-                <p>Z: <span id=\"posZ\">12.34</span> mm</p>\r\n+                <p>X: <span id=\"toolPosX\"></span> mm</p>\r\n+                <p>Y: <span id=\"toolPosY\"></span> mm</p>\r\n+                <p>Z: <span id=\"toolPosZ\"></span> mm</p>\r\n             </div>\r\n             <div class=\"feed-rate\">\r\n                 <h2>Taxa de Avanço da Ferramenta (Feed Rate)</h2>\r\n-                <p><span id=\"feedRate\">1500</span> mm/min</p>\r\n+                <p><span id=\"feedRate\"></span> mm/min</p>\r\n             </div>\r\n             <div class=\"spindle-speed\">\r\n                 <h2>Velocidade de Rotação do Spindle</h2>\r\n-                <p><span id=\"spindle\">12000</span> RPM</p>\r\n+                <p><span id=\"spindle\"></span> RPM</p>\r\n             </div>\r\n             <div class=\"status-log\">\r\n                 <h2>Lista de Modificações de Status com Data e Hora</h2>\r\n-                <ul>\r\n-                    <li>24/05/2024 14:30 - Máquina Iniciada</li>\r\n-                    <li>24/05/2024 15:00 - Ferramenta Posição X: 100.00 mm, Y: 50.00 mm, Z: 10.00 mm</li>\r\n-                    <li>24/05/2024 15:30 - Feed Rate Ajustado para 1500 mm/min</li>\r\n-                    <li>24/05/2024 16:00 - Spindle Velocidade Ajustada para 12000 RPM</li>\r\n+                <ul id=\"statusModifications\">\r\n+                    <!-- Dados serão preenchidos dinamicamente via script -->\r\n                 </ul>\r\n             </div>\r\n         </div>\r\n     </main>\r\n@@ -74,6 +71,9 @@\n         </div>\r\n     </footer>\r\n \r\n     <script src=\"script.js\"></script>\r\n+    <script>\r\n+        // Coloque aqui o código JavaScript para preencher dinamicamente os elementos HTML com os dados do JSON.\r\n+    </script>\r\n </body>\r\n </html>\r\n"
                },
                {
                    "date": 1717025951132,
                    "content": "Index: \n===================================================================\n--- \n+++ \n@@ -27,14 +27,8 @@\n         </div>\r\n     </header>\r\n \r\n     <main>\r\n-        <h1>Valores CNC</h1>\r\n-        <div>\r\n-            <p><strong>X:</strong> <span id=\"posX\">0</span></p>\r\n-            <p><strong>Y:</strong> <span id=\"posY\">0</span></p>\r\n-            <p><strong>Z:</strong> <span id=\"posZ\">0</span></p>\r\n-        </div>\r\n         <div class=\"container\">\r\n             <div class=\"machine-status\">\r\n                 <h2>Status da Máquina</h2>\r\n                 <p id=\"machineStatus\"></p>\r\n"
                },
                {
                    "date": 1717032648397,
                    "content": "Index: \n===================================================================\n--- \n+++ \n@@ -24,9 +24,9 @@\n                     <li><a href=\"index.html\" id=\"inicio\">HOME</a></li>\r\n                 </ul>\r\n             </div>\r\n         </div>\r\n-    </header>\r\n+    </header>a\r\n \r\n     <main>\r\n         <div class=\"container\">\r\n             <div class=\"machine-status\">\r\n"
                }
            ],
            "date": 1717020842040,
            "name": "Commit-0",
            "content": "<!DOCTYPE html>\r\n<html lang=\"pt-br\">\r\n\r\n<head>\r\n    <meta charset=\"UTF-8\">\r\n    <meta name=\"viewport\" content=\"width=device-width, initial-scale=1.0\">\r\n    <title>Status da Máquina</title>\r\n    <link rel=\"stylesheet\" href=\"status.css\">\r\n    <link rel=\"shortcut icon\" href=\"imagens/black white simple shark logo.png\" type=\"image/x-icon\">\r\n</head>\r\n\r\n<body>\r\n    <header>\r\n        <div class=\"container-logo\">\r\n            <div class=\"logo-imagem\">\r\n                <img src=\"imagens/SharkTech.png\" alt=\"\">\r\n            </div>\r\n            <div class=\"menu-icon\" id=\"menu-icon\">\r\n                <span></span>\r\n                <span></span>\r\n                <span></span>\r\n            </div>\r\n            <div class=\"menu\" id=\"menu\">\r\n                <ul>\r\n                    <li><a href=\"index.html\" id=\"inicio\">HOME</a></li>\r\n                </ul>\r\n            </div>\r\n        </div>\r\n    </header>\r\n\r\n    <main>\r\n\r\n        <h1>Valores CNC</h1>\r\n    <div>\r\n        <p><strong>X:</strong> <span id=\"posX\"></span></p>\r\n        <p><strong>Y:</strong> <span id=\"posY\"></span></p>\r\n        <p><strong>Z:</strong> <span id=\"posZ\"></span></p>\r\n    </div>\r\n        <div class=\"container\">\r\n            <div class=\"machine-status\">\r\n                <h2>Status da Máquina</h2>\r\n                <p>Operando</p>\r\n            </div>\r\n            <div class=\"tool-position\">\r\n                <h2>Posicionamento da Ferramenta no Espaço</h2>\r\n                <p>X: 123.45 mm</p>\r\n                <p>Y: 67.89 mm</p>\r\n                <p>Z: 12.34 mm</p>\r\n            </div>\r\n            <div class=\"feed-rate\">\r\n                <h2>Taxa de Avanço da Ferramenta (Feed Rate)</h2>\r\n                <p>1500 mm/min</p>\r\n            </div>\r\n            <div class=\"spindle-speed\">\r\n                <h2>Velocidade de Rotação do Spindle</h2>\r\n                <p>12000 RPM</p>\r\n            </div>\r\n            <div class=\"status-log\">\r\n                <h2>Lista de Modificações de Status com Data e Hora</h2>\r\n                <ul>\r\n                    <li>24/05/2024 14:30 - Máquina Iniciada</li>\r\n                    <li>24/05/2024 15:00 - Ferramenta Posição X: 100.00 mm, Y: 50.00 mm, Z: 10.00 mm</li>\r\n                    <li>24/05/2024 15:30 - Feed Rate Ajustado para 1500 mm/min</li>\r\n                    <li>24/05/2024 16:00 - Spindle Velocidade Ajustada para 12000 RPM</li>\r\n                </ul>\r\n            </div>\r\n        </div>\r\n    </main>\r\n\r\n    <footer>\r\n        <div class=\"footer-container\">\r\n            <p>Surfe na Onda Tecnológica com a SharkTech</p>\r\n            <p>Contato: contato@sharktech.com.br | Telefone: (16) 1234-5678</p>\r\n            <p>&copy; 2024 Shark Tech. Todos os direitos reservados.</p>\r\n            <p><a href=\"https://policies.google.com/privacy?hl=pt-BR\">Política de Privacidade</a> | <a href=\"https://policies.google.com/terms?hl=pt-BR\">Termos de Uso</a></p>\r\n        </div>\r\n    </footer>\r\n\r\n    <script src=\"script.js\"></script>\r\n</body>\r\n\r\n</html>\r\n"
        }
    ]
}