{
    "sourceFile": "script.js",
    "activeCommit": 0,
    "commits": [
        {
            "activePatchIndex": 12,
            "patches": [
                {
                    "date": 1717020864273,
                    "content": "Index: \n===================================================================\n--- \n+++ \n"
                },
                {
                    "date": 1717020960996,
                    "content": "Index: \n===================================================================\n--- \n+++ \n@@ -7,12 +7,11 @@\n       menu.classList.toggle('active');\r\n   });\r\n });\r\n \r\n-// Função para obter os dados do servidor\r\n async function fetchCNCData() {\r\n   try {\r\n-    const response = await fetch('/cnc');\r\n+    const response = await fetch('dados.json'); // Altere para '/cnc' se estiver usando um servidor Node-RED\r\n     const data = await response.json();\r\n \r\n     // Exibir os dados no HTML\r\n     document.getElementById('posX').textContent = data.x;\r\n@@ -23,5 +22,5 @@\n   }\r\n }\r\n \r\n // Chama a função para obter e exibir os dados\r\n-fetchCNCData();\n\\ No newline at end of file\n+fetchCNCData();\r\n"
                },
                {
                    "date": 1717022017698,
                    "content": "Index: \n===================================================================\n--- \n+++ \n@@ -7,20 +7,38 @@\n       menu.classList.toggle('active');\r\n   });\r\n });\r\n \r\n+// Inclua a biblioteca anime.js\r\n+// <script src=\"https://cdnjs.cloudflare.com/ajax/libs/animejs/3.2.1/anime.min.js\"></script>\r\n+\r\n async function fetchCNCData() {\r\n   try {\r\n     const response = await fetch('dados.json'); // Altere para '/cnc' se estiver usando um servidor Node-RED\r\n     const data = await response.json();\r\n \r\n-    // Exibir os dados no HTML\r\n-    document.getElementById('posX').textContent = data.x;\r\n-    document.getElementById('posY').textContent = data.y;\r\n-    document.getElementById('posZ').textContent = data.z;\r\n+    // Animação dos dados no HTML\r\n+    animateData('posX', data.x);\r\n+    animateData('posY', data.y);\r\n+    animateData('posZ', data.z);\r\n   } catch (error) {\r\n     console.error('Erro ao obter dados CNC:', error);\r\n   }\r\n }\r\n \r\n+function animateData(elementId, newValue) {\r\n+  const element = document.getElementById(elementId);\r\n+  const oldValue = parseFloat(element.textContent) || 0;\r\n+\r\n+  anime({\r\n+    targets: { value: oldValue },\r\n+    value: newValue,\r\n+    round: 1,\r\n+    easing: 'easeInOutQuad',\r\n+    update: function (anim) {\r\n+      element.textContent = anim.animations[0].currentValue;\r\n+    }\r\n+  });\r\n+}\r\n+\r\n // Chama a função para obter e exibir os dados\r\n fetchCNCData();\r\n"
                },
                {
                    "date": 1717022290373,
                    "content": "Index: \n===================================================================\n--- \n+++ \n@@ -10,35 +10,41 @@\n \r\n // Inclua a biblioteca anime.js\r\n // <script src=\"https://cdnjs.cloudflare.com/ajax/libs/animejs/3.2.1/anime.min.js\"></script>\r\n \r\n+// Inclua a biblioteca anime.js\r\n+// <script src=\"https://cdnjs.cloudflare.com/ajax/libs/animejs/3.2.1/anime.min.js\"></script>\r\n+\r\n async function fetchCNCData() {\r\n   try {\r\n     const response = await fetch('dados.json'); // Altere para '/cnc' se estiver usando um servidor Node-RED\r\n     const data = await response.json();\r\n \r\n-    // Animação dos dados no HTML\r\n-    animateData('posX', data.x);\r\n-    animateData('posY', data.y);\r\n-    animateData('posZ', data.z);\r\n+    // Animação dos objetos dinâmicos no HTML\r\n+    animateObject('circleX', data.x * 10); // Multiplique por 10 para melhor visibilidade na tela\r\n+    animateObject('circleY', data.y * 10);\r\n+    animateObject('circleZ', data.z * 10);\r\n   } catch (error) {\r\n     console.error('Erro ao obter dados CNC:', error);\r\n   }\r\n }\r\n \r\n-function animateData(elementId, newValue) {\r\n+function animateObject(elementId, newValue) {\r\n   const element = document.getElementById(elementId);\r\n-  const oldValue = parseFloat(element.textContent) || 0;\r\n+  const axis = element.dataset.axis;\r\n \r\n   anime({\r\n-    targets: { value: oldValue },\r\n-    value: newValue,\r\n-    round: 1,\r\n+    targets: element,\r\n+    [axis]: newValue,\r\n     easing: 'easeInOutQuad',\r\n-    update: function (anim) {\r\n-      element.textContent = anim.animations[0].currentValue;\r\n-    }\r\n+    duration: 1000\r\n   });\r\n }\r\n \r\n-// Chama a função para obter e exibir os dados\r\n-fetchCNCData();\r\n+// Função para atualizar os dados periodicamente\r\n+function updateDataPeriodically() {\r\n+  fetchCNCData();\r\n+  setTimeout(updateDataPeriodically, 3000); // Atualiza a cada 3 segundos\r\n+}\r\n+\r\n+// Inicia a atualização periódica dos dados\r\n+updateDataPeriodically();\r\n"
                },
                {
                    "date": 1717022545127,
                    "content": "Index: \n===================================================================\n--- \n+++ \n@@ -22,8 +22,15 @@\n     // Animação dos objetos dinâmicos no HTML\r\n     animateObject('circleX', data.x * 10); // Multiplique por 10 para melhor visibilidade na tela\r\n     animateObject('circleY', data.y * 10);\r\n     animateObject('circleZ', data.z * 10);\r\n+\r\n+    // Atualiza valores textuais\r\n+    document.getElementById('posX').innerText = data.x.toFixed(2);\r\n+    document.getElementById('posY').innerText = data.y.toFixed(2);\r\n+    document.getElementById('posZ').innerText = data.z.toFixed(2);\r\n+    document.getElementById('feedRate').innerText = data.feedRate;\r\n+    document.getElementById('spindle').innerText = data.spindle;\r\n   } catch (error) {\r\n     console.error('Erro ao obter dados CNC:', error);\r\n   }\r\n }\r\n@@ -47,4 +54,5 @@\n }\r\n \r\n // Inicia a atualização periódica dos dados\r\n updateDataPeriodically();\r\n+\r\n"
                },
                {
                    "date": 1717023385491,
                    "content": "Index: \n===================================================================\n--- \n+++ \n@@ -1,14 +1,4 @@\n-document.addEventListener('DOMContentLoaded', function() {\r\n-  const menuIcon = document.getElementById('menu-icon');\r\n-  const menu = document.getElementById('menu');\r\n-\r\n-  menuIcon.addEventListener('click', function() {\r\n-      menuIcon.classList.toggle('open');\r\n-      menu.classList.toggle('active');\r\n-  });\r\n-});\r\n-\r\n // Inclua a biblioteca anime.js\r\n // <script src=\"https://cdnjs.cloudflare.com/ajax/libs/animejs/3.2.1/anime.min.js\"></script>\r\n \r\n // Inclua a biblioteca anime.js\r\n@@ -54,5 +44,4 @@\n }\r\n \r\n // Inicia a atualização periódica dos dados\r\n updateDataPeriodically();\r\n-\r\n"
                },
                {
                    "date": 1717023486619,
                    "content": "Index: \n===================================================================\n--- \n+++ \n@@ -3,38 +3,37 @@\n \r\n // Inclua a biblioteca anime.js\r\n // <script src=\"https://cdnjs.cloudflare.com/ajax/libs/animejs/3.2.1/anime.min.js\"></script>\r\n \r\n+// Inclua a biblioteca anime.js\r\n+// <script src=\"https://cdnjs.cloudflare.com/ajax/libs/animejs/3.2.1/anime.min.js\"></script>\r\n+\r\n async function fetchCNCData() {\r\n   try {\r\n     const response = await fetch('dados.json'); // Altere para '/cnc' se estiver usando um servidor Node-RED\r\n     const data = await response.json();\r\n \r\n-    // Animação dos objetos dinâmicos no HTML\r\n-    animateObject('circleX', data.x * 10); // Multiplique por 10 para melhor visibilidade na tela\r\n-    animateObject('circleY', data.y * 10);\r\n-    animateObject('circleZ', data.z * 10);\r\n-\r\n-    // Atualiza valores textuais\r\n-    document.getElementById('posX').innerText = data.x.toFixed(2);\r\n-    document.getElementById('posY').innerText = data.y.toFixed(2);\r\n-    document.getElementById('posZ').innerText = data.z.toFixed(2);\r\n-    document.getElementById('feedRate').innerText = data.feedRate;\r\n-    document.getElementById('spindle').innerText = data.spindle;\r\n+    // Animação dos dados no HTML\r\n+    animateData('posX', data.x);\r\n+    animateData('posY', data.y);\r\n+    animateData('posZ', data.z);\r\n   } catch (error) {\r\n     console.error('Erro ao obter dados CNC:', error);\r\n   }\r\n }\r\n \r\n-function animateObject(elementId, newValue) {\r\n+function animateData(elementId, newValue) {\r\n   const element = document.getElementById(elementId);\r\n-  const axis = element.dataset.axis;\r\n+  const oldValue = parseFloat(element.textContent) || 0;\r\n \r\n   anime({\r\n-    targets: element,\r\n-    [axis]: newValue,\r\n+    targets: { value: oldValue },\r\n+    value: newValue,\r\n+    round: 1,\r\n     easing: 'easeInOutQuad',\r\n-    duration: 1000\r\n+    update: function (anim) {\r\n+      element.textContent = anim.animations[0].currentValue;\r\n+    }\r\n   });\r\n }\r\n \r\n // Função para atualizar os dados periodicamente\r\n"
                },
                {
                    "date": 1717025687744,
                    "content": "Index: \n===================================================================\n--- \n+++ \n@@ -1,46 +1,56 @@\n-// Inclua a biblioteca anime.js\r\n-// <script src=\"https://cdnjs.cloudflare.com/ajax/libs/animejs/3.2.1/anime.min.js\"></script>\r\n+document.addEventListener(\"DOMContentLoaded\", function () {\r\n+  // Dados em JSON\r\n+  var dados = {\r\n+    \"machine-status\": {\r\n+      \"status\": \"Operando\"\r\n+    },\r\n+    \"tool-position\": {\r\n+      \"coordinates\": {\r\n+        \"X\": \"123.45\",\r\n+        \"Y\": \"67.89\",\r\n+        \"Z\": \"12.34\"\r\n+      }\r\n+    },\r\n+    \"feed-rate\": {\r\n+      \"rate\": \"1500\"\r\n+    },\r\n+    \"spindle-speed\": {\r\n+      \"speed\": \"12000\"\r\n+    },\r\n+    \"status-log\": {\r\n+      \"modifications\": [\r\n+        {\r\n+          \"datetime\": \"24/05/2024 14:30\",\r\n+          \"description\": \"Máquina Iniciada\"\r\n+        },\r\n+        {\r\n+          \"datetime\": \"24/05/2024 15:00\",\r\n+          \"description\": \"Ferramenta Posição X: 100.00 mm, Y: 50.00 mm, Z: 10.00 mm\"\r\n+        },\r\n+        {\r\n+          \"datetime\": \"24/05/2024 15:30\",\r\n+          \"description\": \"Feed Rate Ajustado para 1500 mm/min\"\r\n+        },\r\n+        {\r\n+          \"datetime\": \"24/05/2024 16:00\",\r\n+          \"description\": \"Spindle Velocidade Ajustada para 12000 RPM\"\r\n+        }\r\n+      ]\r\n+    }\r\n+  };\r\n \r\n-// Inclua a biblioteca anime.js\r\n-// <script src=\"https://cdnjs.cloudflare.com/ajax/libs/animejs/3.2.1/anime.min.js\"></script>\r\n+  // Preenchendo os elementos HTML com os dados do JSON\r\n+  document.getElementById(\"machineStatus\").innerText = dados[\"machine-status\"][\"status\"];\r\n+  document.getElementById(\"toolPosX\").innerText = dados[\"tool-position\"][\"coordinates\"][\"X\"];\r\n+  document.getElementById(\"toolPosY\").innerText = dados[\"tool-position\"][\"coordinates\"][\"Y\"];\r\n+  document.getElementById(\"toolPosZ\").innerText = dados[\"tool-position\"][\"coordinates\"][\"Z\"];\r\n+  document.getElementById(\"feedRate\").innerText = dados[\"feed-rate\"][\"rate\"];\r\n+  document.getElementById(\"spindle\").innerText = dados[\"spindle-speed\"][\"speed\"];\r\n \r\n-// Inclua a biblioteca anime.js\r\n-// <script src=\"https://cdnjs.cloudflare.com/ajax/libs/animejs/3.2.1/anime.min.js\"></script>\r\n-\r\n-async function fetchCNCData() {\r\n-  try {\r\n-    const response = await fetch('dados.json'); // Altere para '/cnc' se estiver usando um servidor Node-RED\r\n-    const data = await response.json();\r\n-\r\n-    // Animação dos dados no HTML\r\n-    animateData('posX', data.x);\r\n-    animateData('posY', data.y);\r\n-    animateData('posZ', data.z);\r\n-  } catch (error) {\r\n-    console.error('Erro ao obter dados CNC:', error);\r\n-  }\r\n-}\r\n-\r\n-function animateData(elementId, newValue) {\r\n-  const element = document.getElementById(elementId);\r\n-  const oldValue = parseFloat(element.textContent) || 0;\r\n-\r\n-  anime({\r\n-    targets: { value: oldValue },\r\n-    value: newValue,\r\n-    round: 1,\r\n-    easing: 'easeInOutQuad',\r\n-    update: function (anim) {\r\n-      element.textContent = anim.animations[0].currentValue;\r\n-    }\r\n+  var statusModifications = document.getElementById(\"statusModifications\");\r\n+  dados[\"status-log\"][\"modifications\"].forEach(function (modification) {\r\n+    var li = document.createElement(\"li\");\r\n+    li.innerText = modification[\"datetime\"] + \" - \" + modification[\"description\"];\r\n+    statusModifications.appendChild(li);\r\n   });\r\n-}\r\n-\r\n-// Função para atualizar os dados periodicamente\r\n-function updateDataPeriodically() {\r\n-  fetchCNCData();\r\n-  setTimeout(updateDataPeriodically, 3000); // Atualiza a cada 3 segundos\r\n-}\r\n-\r\n-// Inicia a atualização periódica dos dados\r\n-updateDataPeriodically();\r\n+});\r\n"
                },
                {
                    "date": 1717025712640,
                    "content": "Index: \n===================================================================\n--- \n+++ \n@@ -11,9 +11,9 @@\n         \"Z\": \"12.34\"\r\n       }\r\n     },\r\n     \"feed-rate\": {\r\n-      \"rate\": \"1500\"\r\n+      \"rate\": \"15000\"\r\n     },\r\n     \"spindle-speed\": {\r\n       \"speed\": \"12000\"\r\n     },\r\n"
                },
                {
                    "date": 1717025718374,
                    "content": "Index: \n===================================================================\n--- \n+++ \n@@ -11,9 +11,9 @@\n         \"Z\": \"12.34\"\r\n       }\r\n     },\r\n     \"feed-rate\": {\r\n-      \"rate\": \"15000\"\r\n+      \"rate\": \"1500000\"\r\n     },\r\n     \"spindle-speed\": {\r\n       \"speed\": \"12000\"\r\n     },\r\n"
                },
                {
                    "date": 1717025723777,
                    "content": "Index: \n===================================================================\n--- \n+++ \n@@ -11,9 +11,9 @@\n         \"Z\": \"12.34\"\r\n       }\r\n     },\r\n     \"feed-rate\": {\r\n-      \"rate\": \"1500000\"\r\n+      \"rate\": \"15000\"\r\n     },\r\n     \"spindle-speed\": {\r\n       \"speed\": \"12000\"\r\n     },\r\n"
                },
                {
                    "date": 1717025856638,
                    "content": "Index: \n===================================================================\n--- \n+++ \n@@ -1,56 +1,27 @@\n-document.addEventListener(\"DOMContentLoaded\", function () {\r\n-  // Dados em JSON\r\n-  var dados = {\r\n-    \"machine-status\": {\r\n-      \"status\": \"Operando\"\r\n-    },\r\n-    \"tool-position\": {\r\n-      \"coordinates\": {\r\n-        \"X\": \"123.45\",\r\n-        \"Y\": \"67.89\",\r\n-        \"Z\": \"12.34\"\r\n-      }\r\n-    },\r\n-    \"feed-rate\": {\r\n-      \"rate\": \"15000\"\r\n-    },\r\n-    \"spindle-speed\": {\r\n-      \"speed\": \"12000\"\r\n-    },\r\n-    \"status-log\": {\r\n-      \"modifications\": [\r\n-        {\r\n-          \"datetime\": \"24/05/2024 14:30\",\r\n-          \"description\": \"Máquina Iniciada\"\r\n-        },\r\n-        {\r\n-          \"datetime\": \"24/05/2024 15:00\",\r\n-          \"description\": \"Ferramenta Posição X: 100.00 mm, Y: 50.00 mm, Z: 10.00 mm\"\r\n-        },\r\n-        {\r\n-          \"datetime\": \"24/05/2024 15:30\",\r\n-          \"description\": \"Feed Rate Ajustado para 1500 mm/min\"\r\n-        },\r\n-        {\r\n-          \"datetime\": \"24/05/2024 16:00\",\r\n-          \"description\": \"Spindle Velocidade Ajustada para 12000 RPM\"\r\n-        }\r\n-      ]\r\n+// Requisição AJAX para carregar o JSON\r\n+var xhr = new XMLHttpRequest();\r\n+xhr.onreadystatechange = function () {\r\n+  if (xhr.readyState === XMLHttpRequest.DONE) {\r\n+    if (xhr.status === 200) {\r\n+      var dados = JSON.parse(xhr.responseText);\r\n+      // Preenchendo os elementos HTML com os dados do JSON\r\n+      document.getElementById(\"machineStatus\").innerText = dados[\"machine-status\"][\"status\"];\r\n+      document.getElementById(\"toolPosX\").innerText = dados[\"tool-position\"][\"coordinates\"][\"X\"];\r\n+      document.getElementById(\"toolPosY\").innerText = dados[\"tool-position\"][\"coordinates\"][\"Y\"];\r\n+      document.getElementById(\"toolPosZ\").innerText = dados[\"tool-position\"][\"coordinates\"][\"Z\"];\r\n+      document.getElementById(\"feedRate\").innerText = dados[\"feed-rate\"][\"rate\"];\r\n+      document.getElementById(\"spindle\").innerText = dados[\"spindle-speed\"][\"speed\"];\r\n+\r\n+      var statusModifications = document.getElementById(\"statusModifications\");\r\n+      dados[\"status-log\"][\"modifications\"].forEach(function (modification) {\r\n+        var li = document.createElement(\"li\");\r\n+        li.innerText = modification[\"datetime\"] + \" - \" + modification[\"description\"];\r\n+        statusModifications.appendChild(li);\r\n+      });\r\n+    } else {\r\n+      console.error('Erro ao carregar o arquivo JSON.');\r\n     }\r\n-  };\r\n-\r\n-  // Preenchendo os elementos HTML com os dados do JSON\r\n-  document.getElementById(\"machineStatus\").innerText = dados[\"machine-status\"][\"status\"];\r\n-  document.getElementById(\"toolPosX\").innerText = dados[\"tool-position\"][\"coordinates\"][\"X\"];\r\n-  document.getElementById(\"toolPosY\").innerText = dados[\"tool-position\"][\"coordinates\"][\"Y\"];\r\n-  document.getElementById(\"toolPosZ\").innerText = dados[\"tool-position\"][\"coordinates\"][\"Z\"];\r\n-  document.getElementById(\"feedRate\").innerText = dados[\"feed-rate\"][\"rate\"];\r\n-  document.getElementById(\"spindle\").innerText = dados[\"spindle-speed\"][\"speed\"];\r\n-\r\n-  var statusModifications = document.getElementById(\"statusModifications\");\r\n-  dados[\"status-log\"][\"modifications\"].forEach(function (modification) {\r\n-    var li = document.createElement(\"li\");\r\n-    li.innerText = modification[\"datetime\"] + \" - \" + modification[\"description\"];\r\n-    statusModifications.appendChild(li);\r\n-  });\r\n-});\r\n+  }\r\n+};\r\n+xhr.open('GET', 'seu_arquivo_json.json', true);\r\n+xhr.send();\n\\ No newline at end of file\n"
                },
                {
                    "date": 1717025889634,
                    "content": "Index: \n===================================================================\n--- \n+++ \n@@ -22,6 +22,6 @@\n       console.error('Erro ao carregar o arquivo JSON.');\r\n     }\r\n   }\r\n };\r\n-xhr.open('GET', 'dad.json', true);\r\n+xhr.open('GET', 'dado.json', true);\r\n xhr.send();\n\\ No newline at end of file\n"
                }
            ],
            "date": 1717020864273,
            "name": "Commit-0",
            "content": "document.addEventListener('DOMContentLoaded', function() {\r\n  const menuIcon = document.getElementById('menu-icon');\r\n  const menu = document.getElementById('menu');\r\n\r\n  menuIcon.addEventListener('click', function() {\r\n      menuIcon.classList.toggle('open');\r\n      menu.classList.toggle('active');\r\n  });\r\n});\r\n\r\n// Função para obter os dados do servidor\r\nasync function fetchCNCData() {\r\n  try {\r\n    const response = await fetch('/cnc');\r\n    const data = await response.json();\r\n\r\n    // Exibir os dados no HTML\r\n    document.getElementById('posX').textContent = data.x;\r\n    document.getElementById('posY').textContent = data.y;\r\n    document.getElementById('posZ').textContent = data.z;\r\n  } catch (error) {\r\n    console.error('Erro ao obter dados CNC:', error);\r\n  }\r\n}\r\n\r\n// Chama a função para obter e exibir os dados\r\nfetchCNCData();"
        }
    ]
}