{
    "sourceFile": "status.css",
    "activeCommit": 0,
    "commits": [
        {
            "activePatchIndex": 3,
            "patches": [
                {
                    "date": 1717021534544,
                    "content": "Index: \n===================================================================\n--- \n+++ \n"
                },
                {
                    "date": 1717022266378,
                    "content": "Index: \n===================================================================\n--- \n+++ \n@@ -3,9 +3,9 @@\n   margin: 0;\r\n   padding: 0;\r\n   box-sizing: border-box;\r\n   font-family: Arial, Helvetica, sans-serif;\r\n-  color: ;\r\n+  color: white;\r\n }\r\n \r\n body {\r\n   background: linear-gradient(to bottom, #0B0F59 25%, #0E1140 50%, #0622BF 75%, #0820A6 100%);\r\n@@ -190,4 +190,20 @@\n   border-top: 2px solid white;\r\n   text-align: center;\r\n   padding: 10px 0;\r\n }\r\n+\r\n+ .circle {\r\n+            width: 50px;\r\n+            height: 50px;\r\n+            border-radius: 50%;\r\n+            position: absolute;\r\n+        }\r\n+        #circleX {\r\n+            background-color: red;\r\n+        }\r\n+        #circleY {\r\n+            background-color: green;\r\n+        }\r\n+        #circleZ {\r\n+            background-color: blue;\r\n+        }\n\\ No newline at end of file\n"
                },
                {
                    "date": 1717022461154,
                    "content": "Index: \n===================================================================\n--- \n+++ \n@@ -192,18 +192,21 @@\n   padding: 10px 0;\r\n }\r\n \r\n  .circle {\r\n-            width: 50px;\r\n-            height: 50px;\r\n-            border-radius: 50%;\r\n-            position: absolute;\r\n-        }\r\n-        #circleX {\r\n-            background-color: red;\r\n-        }\r\n-        #circleY {\r\n-            background-color: green;\r\n-        }\r\n-        #circleZ {\r\n-            background-color: blue;\r\n-        }\n\\ No newline at end of file\n+    width: 50px;\r\n+    height: 50px;\r\n+    border-radius: 50%;\r\n+    position: absolute;\r\n+}\r\n+\r\n+#circleX {\r\n+    background-color: red;\r\n+}\r\n+\r\n+#circleY {\r\n+    background-color: green;\r\n+}\r\n+\r\n+#circleZ {\r\n+    background-color: blue;\r\n+}\r\n"
                },
                {
                    "date": 1717023394750,
                    "content": "Index: \n===================================================================\n--- \n+++ \n@@ -191,22 +191,5 @@\n   text-align: center;\r\n   padding: 10px 0;\r\n }\r\n \r\n- .circle {\r\n-    width: 50px;\r\n-    height: 50px;\r\n-    border-radius: 50%;\r\n-    position: absolute;\r\n-}\r\n-\r\n-#circleX {\r\n-    background-color: red;\r\n-}\r\n-\r\n-#circleY {\r\n-    background-color: green;\r\n-}\r\n-\r\n-#circleZ {\r\n-    background-color: blue;\r\n-}\r\n+ \n\\ No newline at end of file\n"
                }
            ],
            "date": 1717021534544,
            "name": "Commit-0",
            "content": "/* Reset de margens e preenchimentos */\r\n* {\r\n  margin: 0;\r\n  padding: 0;\r\n  box-sizing: border-box;\r\n  font-family: Arial, Helvetica, sans-serif;\r\n  color: ;\r\n}\r\n\r\nbody {\r\n  background: linear-gradient(to bottom, #0B0F59 25%, #0E1140 50%, #0622BF 75%, #0820A6 100%);\r\n}\r\n\r\n/* Estilo do cabeçalho */\r\nheader {\r\n  background-color: #0B0F59;\r\n  color: #fff;\r\n  padding: 10px 0;\r\n  border-bottom: 2px solid #fff;\r\n}\r\n\r\n.container-logo {\r\n  display: flex;\r\n  align-items: center;\r\n  justify-content: space-between;\r\n  max-width: 1200px;\r\n  margin: 0 auto;\r\n}\r\n\r\n.logo-imagem img {\r\n  width: 130px;\r\n  height: auto;\r\n}\r\n\r\n.menu {\r\n  display: none; /* Oculta o menu por padrão */\r\n}\r\n\r\n.menu ul {\r\n  list-style-type: none;\r\n}\r\n\r\n.menu ul li {\r\n  margin-right: 20px;\r\n}\r\n\r\n.menu ul li a {\r\n  padding: 5px;\r\n  text-decoration: none;\r\n  color: #fff;\r\n  font-weight: bold;\r\n  transition: color 0.3s ease;\r\n}\r\n\r\n.menu ul li a:hover {\r\n  color: #0033ff;\r\n  transform: scale(1.5);\r\n}\r\n\r\n/* Estilos do menu sanduíche */\r\n.menu-icon {\r\n  display: flex;\r\n  flex-direction: column;\r\n  justify-content: space-between;\r\n  width: 30px;\r\n  height: 24px; /* Ajuste a altura total para espaçar os riscos */\r\n  cursor: pointer;\r\n}\r\n\r\n.menu-icon span {\r\n  display: block;\r\n  height: 3px;\r\n  background: white;\r\n  border-radius: 3px;\r\n  transition: all 0.3s ease;\r\n  margin-bottom: 4px; /* Adicione margem entre os riscos */\r\n}\r\n\r\n.menu-icon span:last-child {\r\n  margin-bottom: 0; /* Remova a margem do último risco */\r\n}\r\n\r\n.menu-icon span:nth-child(1) {\r\n  transform-origin: top left;\r\n}\r\n\r\n.menu-icon span:nth-child(2) {\r\n  opacity: 1;\r\n}\r\n\r\n.menu-icon span:nth-child(3) {\r\n  transform-origin: bottom left;\r\n}\r\n\r\n.menu-icon.open span:nth-child(1) {\r\n  transform: rotate(45deg);\r\n}\r\n\r\n.menu-icon.open span:nth-child(2) {\r\n  opacity: 0;\r\n}\r\n\r\n.menu-icon.open span:nth-child(3) {\r\n  transform: rotate(-45deg);\r\n}\r\n\r\n/* Estilos para o menu ativo */\r\n.menu.active {\r\n  display: block;\r\n  position: absolute;\r\n  top: 50px;\r\n  right: 20px;\r\n  background: #0B0F59;\r\n  border: 1px solid white;\r\n  border-radius: 5px;\r\n  box-shadow: 0 4px 8px rgba(0, 0, 0, 0.3);\r\n  width: 200px;\r\n}\r\n\r\n.menu.active ul {\r\n  display: flex;\r\n  flex-direction: column;\r\n  align-items: flex-start;\r\n}\r\n\r\n.menu.active ul li {\r\n  width: 100%;\r\n  margin: 10px 0;\r\n}\r\n\r\n.menu.active ul li a {\r\n  width: 100%;\r\n  padding: 10px;\r\n}\r\n\r\n/* Remover o menu flex padrão em telas maiores */\r\n@media (min-width: 768px) {\r\n  .menu {\r\n      display: block;\r\n  }\r\n  .menu.active {\r\n      display: none;\r\n  }\r\n  .menu-icon {\r\n      display: none;\r\n  }\r\n}\r\n\r\nh3 {\r\n  text-align: center;\r\n}\r\n\r\np {\r\n  text-indent: 30px;\r\n  margin: 5px;\r\n  padding: 2px;\r\n}\r\n\r\n.container {\r\n  display: flex;\r\n  flex-direction: column;\r\n  justify-content: space-between;\r\n  max-width: 1200px;\r\n  margin: 50px auto;\r\n  color: white;\r\n}\r\n\r\n.container > div {\r\n  margin-bottom: 20px;\r\n}\r\n\r\nh2 {\r\n  background-color: #0033ff;\r\n  padding: 10px;\r\n  border-radius: 5px;\r\n  text-align: center;\r\n}\r\n\r\nul {\r\n  list-style: none;\r\n  padding-left: 20px;\r\n}\r\n\r\nul li {\r\n  margin-bottom: 5px;\r\n}\r\n\r\nfooter {\r\n  color: #fff;\r\n  border-top: 2px solid white;\r\n  text-align: center;\r\n  padding: 10px 0;\r\n}\r\n"
        }
    ]
}